-- MySQL dump 10.13  Distrib 8.0.34, for Linux (x86_64)
--
-- Host: localhost    Database: canticum
-- ------------------------------------------------------
-- Server version	8.0.34-0ubuntu0.20.04.1

/*!40101 SET @OLD_CHARACTER_SET_CLIENT=@@CHARACTER_SET_CLIENT */;
/*!40101 SET @OLD_CHARACTER_SET_RESULTS=@@CHARACTER_SET_RESULTS */;
/*!40101 SET @OLD_COLLATION_CONNECTION=@@COLLATION_CONNECTION */;
/*!50503 SET NAMES utf8mb4 */;
/*!40103 SET @OLD_TIME_ZONE=@@TIME_ZONE */;
/*!40103 SET TIME_ZONE='+00:00' */;
/*!40014 SET @OLD_UNIQUE_CHECKS=@@UNIQUE_CHECKS, UNIQUE_CHECKS=0 */;
/*!40014 SET @OLD_FOREIGN_KEY_CHECKS=@@FOREIGN_KEY_CHECKS, FOREIGN_KEY_CHECKS=0 */;
/*!40101 SET @OLD_SQL_MODE=@@SQL_MODE, SQL_MODE='NO_AUTO_VALUE_ON_ZERO' */;
/*!40111 SET @OLD_SQL_NOTES=@@SQL_NOTES, SQL_NOTES=0 */;

--
-- Table structure for table `dequeue_history`
--

DROP TABLE IF EXISTS `dequeue_history`;
/*!40101 SET @saved_cs_client     = @@character_set_client */;
/*!50503 SET character_set_client = utf8mb4 */;
CREATE TABLE `dequeue_history` (
  `playTimestamp` datetime NOT NULL,
  `enqueueHistoryId` int NOT NULL,
  PRIMARY KEY (`enqueueHistoryId`),
  CONSTRAINT `dequeue_history_ibfk_1` FOREIGN KEY (`enqueueHistoryId`) REFERENCES `enqueue_history` (`id`)
) ENGINE=InnoDB DEFAULT CHARSET=utf8mb4 COLLATE=utf8mb4_0900_ai_ci;
/*!40101 SET character_set_client = @saved_cs_client */;

--
-- Dumping data for table `dequeue_history`
--

LOCK TABLES `dequeue_history` WRITE;
/*!40000 ALTER TABLE `dequeue_history` DISABLE KEYS */;
INSERT INTO `dequeue_history` VALUES ('2024-01-22 17:22:44',20),('2024-01-23 15:36:25',21),('2024-01-23 16:30:03',22),('2024-01-25 12:54:14',23),('2024-01-25 12:58:46',25),('2024-01-25 13:10:59',26),('2024-01-25 13:34:22',27);
/*!40000 ALTER TABLE `dequeue_history` ENABLE KEYS */;
UNLOCK TABLES;

--
-- Table structure for table `enqueue_history`
--

DROP TABLE IF EXISTS `enqueue_history`;
/*!40101 SET @saved_cs_client     = @@character_set_client */;
/*!50503 SET character_set_client = utf8mb4 */;
CREATE TABLE `enqueue_history` (
  `id` int NOT NULL AUTO_INCREMENT,
  `title` varchar(255) NOT NULL,
  `uploader` varchar(255) DEFAULT NULL,
  `originalURL` varchar(255) DEFAULT NULL,
  `userId` varchar(255) DEFAULT NULL,
  `enqueueTimestamp` datetime NOT NULL,
  PRIMARY KEY (`id`)
) ENGINE=InnoDB AUTO_INCREMENT=28 DEFAULT CHARSET=utf8mb4 COLLATE=utf8mb4_0900_ai_ci;
/*!40101 SET character_set_client = @saved_cs_client */;

--
-- Dumping data for table `enqueue_history`
--

LOCK TABLES `enqueue_history` WRITE;
/*!40000 ALTER TABLE `enqueue_history` DISABLE KEYS */;
INSERT INTO `enqueue_history` VALUES (1,'OMORI OST - 088 Lost Library','OMOCAT','https://www.youtube.com/watch?v=31jhk_A3mYk','208206459018805248','2024-01-21 12:06:15'),(2,'OMORI OST - 088 Lost Library','OMOCAT','https://www.youtube.com/watch?v=31jhk_A3mYk','208206459018805248','2024-01-21 12:11:11'),(3,'OMORI OST - 088 Lost Library','OMOCAT','https://www.youtube.com/watch?v=31jhk_A3mYk','208206459018805248','2024-01-21 12:11:44'),(4,'OMORI OST - 088 Lost Library','OMOCAT','https://www.youtube.com/watch?v=31jhk_A3mYk','208206459018805248','2024-01-21 12:16:21'),(5,'OMORI OST - 088 Lost Library','OMOCAT','https://www.youtube.com/watch?v=31jhk_A3mYk','208206459018805248','2024-01-21 12:18:10'),(6,'OMORI OST - 088 Lost Library','OMOCAT','https://www.youtube.com/watch?v=31jhk_A3mYk','208206459018805248','2024-01-21 12:31:50'),(7,'OMORI OST - 088 Lost Library','OMOCAT','https://www.youtube.com/watch?v=31jhk_A3mYk','208206459018805248','2024-01-21 12:34:02'),(8,'OMORI OST - 088 Lost Library','OMOCAT','https://www.youtube.com/watch?v=31jhk_A3mYk','208206459018805248','2024-01-21 12:36:01'),(9,'OMORI OST - 088 Lost Library','OMOCAT','https://www.youtube.com/watch?v=31jhk_A3mYk','208206459018805248','2024-01-21 12:36:01'),(10,'OMORI OST - 088 Lost Library','OMOCAT','https://www.youtube.com/watch?v=31jhk_A3mYk','208206459018805248','2024-01-21 12:40:49'),(11,'OMORI OST - 088 Lost Library','OMOCAT','https://www.youtube.com/watch?v=31jhk_A3mYk','208206459018805248','2024-01-21 12:40:49'),(12,'OMORI OST - 088 Lost Library','OMOCAT','https://www.youtube.com/watch?v=31jhk_A3mYk','208206459018805248','2024-01-21 14:40:43'),(13,'OMORI OST - 088 Lost Library','OMOCAT','https://www.youtube.com/watch?v=31jhk_A3mYk','208206459018805248','2024-01-21 14:40:43'),(14,'OMORI OST - 088 Lost Library','OMOCAT','https://www.youtube.com/watch?v=31jhk_A3mYk','208206459018805248','2024-01-21 14:45:56'),(15,'OMORI OST - 088 Lost Library','OMOCAT','https://www.youtube.com/watch?v=31jhk_A3mYk','208206459018805248','2024-01-21 14:47:28'),(16,'OMORI OST - 088 Lost Library','OMOCAT','https://www.youtube.com/watch?v=31jhk_A3mYk','208206459018805248','2024-01-22 16:43:32'),(17,'OMORI OST - 088 Lost Library','OMOCAT','https://www.youtube.com/watch?v=31jhk_A3mYk','208206459018805248','2024-01-22 16:44:59'),(18,'OMORI OST - 088 Lost Library','OMOCAT','https://www.youtube.com/watch?v=31jhk_A3mYk','208206459018805248','2024-01-22 17:05:32'),(19,'OMORI OST - 088 Lost Library','OMOCAT','https://www.youtube.com/watch?v=31jhk_A3mYk','208206459018805248','2024-01-22 17:17:48'),(20,'OMORI OST - 088 Lost Library','OMOCAT','https://www.youtube.com/watch?v=31jhk_A3mYk','208206459018805248','2024-01-22 16:22:33'),(21,'Undertale OST: 085 - Fallen Down (Reprise)','Misaki','https://www.youtube.com/watch?v=cGBMTAGzWPs','208206459018805248','2024-01-23 14:36:25'),(22,'Undertale OST: 092 - Reunited','Misaki','https://www.youtube.com/watch?v=WgRfPc1lfJk','208206459018805248','2024-01-23 15:30:03'),(23,'Undertale OST: 085 - Fallen Down (Reprise)','Misaki','https://www.youtube.com/watch?v=cGBMTAGzWPs','208206459018805248','2024-01-25 11:54:14'),(24,'Undertale OST: 085 - Fallen Down (Reprise)','Misaki','https://www.youtube.com/watch?v=cGBMTAGzWPs','208206459018805248','2024-01-25 11:55:12'),(25,'Undertale OST: 085 - Fallen Down (Reprise)','Misaki','https://www.youtube.com/watch?v=cGBMTAGzWPs','208206459018805248','2024-01-25 11:58:46'),(26,'Undertale OST: 085 - Fallen Down (Reprise)','Misaki','https://www.youtube.com/watch?v=cGBMTAGzWPs','208206459018805248','2024-01-25 12:10:51'),(27,'Undertale OST: 085 - Fallen Down (Reprise)','Misaki','https://www.youtube.com/watch?v=cGBMTAGzWPs','208206459018805248','2024-01-25 12:31:06');
/*!40000 ALTER TABLE `enqueue_history` ENABLE KEYS */;
UNLOCK TABLES;

--
-- Table structure for table `playlist`
--

DROP TABLE IF EXISTS `playlist`;
/*!40101 SET @saved_cs_client     = @@character_set_client */;
/*!50503 SET character_set_client = utf8mb4 */;
CREATE TABLE `playlist` (
  `playlistName` varchar(255) NOT NULL,
  `userId` varchar(255) NOT NULL,
  PRIMARY KEY (`playlistName`,`userId`),
  KEY `userId` (`userId`)
) ENGINE=InnoDB DEFAULT CHARSET=utf8mb4 COLLATE=utf8mb4_0900_ai_ci;
/*!40101 SET character_set_client = @saved_cs_client */;

--
-- Dumping data for table `playlist`
--

LOCK TABLES `playlist` WRITE;
/*!40000 ALTER TABLE `playlist` DISABLE KEYS */;
INSERT INTO `playlist` VALUES ('test','1183091829126729765'),('GD Favourites','208206459018805248'),('GeoDash','208206459018805248'),('GeoDash2','208206459018805248'),('GeoDash3','208206459018805248'),('GeoDash4','208206459018805248'),('half life ost','208206459018805248'),('importtest','208206459018805248'),('omori_playlist','208206459018805248'),('omoritest','208206459018805248'),('test','208206459018805248'),('undertale','208206459018805248');
/*!40000 ALTER TABLE `playlist` ENABLE KEYS */;
UNLOCK TABLES;

--
-- Table structure for table `playlist_content_map`
--

DROP TABLE IF EXISTS `playlist_content_map`;
/*!40101 SET @saved_cs_client     = @@character_set_client */;
/*!50503 SET character_set_client = utf8mb4 */;
CREATE TABLE `playlist_content_map` (
  `playlistItemId` int NOT NULL,
  `userId` varchar(255) NOT NULL,
  `playlistName` varchar(255) NOT NULL,
  `playlistPosition` int NOT NULL,
  PRIMARY KEY (`playlistItemId`,`userId`,`playlistName`,`playlistPosition`),
  KEY `fk1_playlist_content_map` (`userId`,`playlistName`),
  CONSTRAINT `fk1_playlist_content_map` FOREIGN KEY (`userId`, `playlistName`) REFERENCES `playlist` (`userId`, `playlistName`),
  CONSTRAINT `fk2_playlist_content_map` FOREIGN KEY (`playlistItemId`) REFERENCES `playlist_items` (`playlistItemId`)
) ENGINE=InnoDB DEFAULT CHARSET=utf8mb4 COLLATE=utf8mb4_0900_ai_ci;
/*!40101 SET character_set_client = @saved_cs_client */;

--
-- Dumping data for table `playlist_content_map`
--

LOCK TABLES `playlist_content_map` WRITE;
/*!40000 ALTER TABLE `playlist_content_map` DISABLE KEYS */;
INSERT INTO `playlist_content_map` VALUES (295,'208206459018805248','GD Favourites',1),(296,'208206459018805248','GD Favourites',2),(297,'208206459018805248','GD Favourites',3),(298,'208206459018805248','GD Favourites',4),(299,'208206459018805248','GD Favourites',5),(300,'208206459018805248','GD Favourites',6),(301,'208206459018805248','GD Favourites',7),(302,'208206459018805248','GD Favourites',8),(303,'208206459018805248','GD Favourites',9),(304,'208206459018805248','GD Favourites',10),(305,'208206459018805248','GD Favourites',11),(306,'208206459018805248','GD Favourites',12),(307,'208206459018805248','GD Favourites',13),(308,'208206459018805248','GD Favourites',14),(309,'208206459018805248','GD Favourites',15),(310,'208206459018805248','GD Favourites',16),(311,'208206459018805248','GD Favourites',17),(312,'208206459018805248','GD Favourites',18),(313,'208206459018805248','GD Favourites',19),(314,'208206459018805248','GD Favourites',20),(315,'208206459018805248','GD Favourites',21),(316,'208206459018805248','GD Favourites',22),(317,'208206459018805248','GD Favourites',23),(318,'208206459018805248','GD Favourites',24),(319,'208206459018805248','GD Favourites',25),(320,'208206459018805248','GD Favourites',26),(321,'208206459018805248','GD Favourites',27),(322,'208206459018805248','GD Favourites',28),(323,'208206459018805248','GD Favourites',29),(324,'208206459018805248','GD Favourites',30),(295,'208206459018805248','GeoDash',1),(296,'208206459018805248','GeoDash',1),(297,'208206459018805248','GeoDash',1),(298,'208206459018805248','GeoDash',1),(299,'208206459018805248','GeoDash',1),(300,'208206459018805248','GeoDash',1),(301,'208206459018805248','GeoDash',1),(302,'208206459018805248','GeoDash',1),(303,'208206459018805248','GeoDash',1),(304,'208206459018805248','GeoDash',1),(305,'208206459018805248','GeoDash',1),(306,'208206459018805248','GeoDash',1),(307,'208206459018805248','GeoDash',1),(308,'208206459018805248','GeoDash',1),(309,'208206459018805248','GeoDash',1),(310,'208206459018805248','GeoDash',1),(311,'208206459018805248','GeoDash',1),(312,'208206459018805248','GeoDash',1),(313,'208206459018805248','GeoDash',1),(314,'208206459018805248','GeoDash',1),(315,'208206459018805248','GeoDash',1),(316,'208206459018805248','GeoDash',1),(317,'208206459018805248','GeoDash',1),(318,'208206459018805248','GeoDash',1),(319,'208206459018805248','GeoDash',1),(320,'208206459018805248','GeoDash',1),(321,'208206459018805248','GeoDash',1),(322,'208206459018805248','GeoDash',1),(323,'208206459018805248','GeoDash',1),(324,'208206459018805248','GeoDash',1),(295,'208206459018805248','GeoDash3',1),(296,'208206459018805248','GeoDash3',2),(625,'208206459018805248','half life ost',1),(626,'208206459018805248','half life ost',2),(627,'208206459018805248','half life ost',3),(628,'208206459018805248','half life ost',4),(629,'208206459018805248','half life ost',5),(630,'208206459018805248','half life ost',6),(631,'208206459018805248','half life ost',7),(632,'208206459018805248','half life ost',8),(633,'208206459018805248','half life ost',9),(634,'208206459018805248','half life ost',10),(635,'208206459018805248','half life ost',11),(636,'208206459018805248','half life ost',12),(637,'208206459018805248','half life ost',13),(638,'208206459018805248','half life ost',14),(639,'208206459018805248','half life ost',15),(640,'208206459018805248','half life ost',16),(641,'208206459018805248','half life ost',17),(642,'208206459018805248','half life ost',18),(643,'208206459018805248','half life ost',19),(644,'208206459018805248','half life ost',20),(645,'208206459018805248','half life ost',21),(646,'208206459018805248','half life ost',22),(647,'208206459018805248','half life ost',23),(648,'208206459018805248','half life ost',24),(649,'208206459018805248','half life ost',25),(650,'208206459018805248','half life ost',26),(651,'208206459018805248','half life ost',27),(15,'208206459018805248','importtest',1),(16,'208206459018805248','importtest',1),(17,'208206459018805248','importtest',1),(18,'208206459018805248','importtest',1),(19,'208206459018805248','importtest',1),(20,'208206459018805248','importtest',1),(21,'208206459018805248','importtest',1),(22,'208206459018805248','importtest',1),(23,'208206459018805248','importtest',1),(24,'208206459018805248','importtest',1),(25,'208206459018805248','importtest',1),(26,'208206459018805248','importtest',1),(27,'208206459018805248','importtest',1),(28,'208206459018805248','importtest',1),(29,'208206459018805248','importtest',1),(30,'208206459018805248','importtest',1),(31,'208206459018805248','importtest',1),(32,'208206459018805248','importtest',1),(33,'208206459018805248','importtest',1),(34,'208206459018805248','importtest',1),(35,'208206459018805248','importtest',1),(36,'208206459018805248','importtest',1),(37,'208206459018805248','importtest',1),(38,'208206459018805248','importtest',1),(39,'208206459018805248','importtest',1),(40,'208206459018805248','importtest',1),(41,'208206459018805248','importtest',1),(42,'208206459018805248','importtest',1),(43,'208206459018805248','importtest',1),(44,'208206459018805248','importtest',1),(45,'208206459018805248','importtest',1),(46,'208206459018805248','importtest',1),(47,'208206459018805248','importtest',1),(48,'208206459018805248','importtest',1),(49,'208206459018805248','importtest',1),(50,'208206459018805248','importtest',1),(51,'208206459018805248','importtest',1),(52,'208206459018805248','importtest',1),(53,'208206459018805248','importtest',1),(54,'208206459018805248','importtest',1),(55,'208206459018805248','importtest',1),(56,'208206459018805248','importtest',1),(57,'208206459018805248','importtest',1),(58,'208206459018805248','importtest',1),(59,'208206459018805248','importtest',1),(60,'208206459018805248','importtest',1),(61,'208206459018805248','importtest',1),(62,'208206459018805248','importtest',1),(63,'208206459018805248','importtest',1),(64,'208206459018805248','importtest',1),(65,'208206459018805248','importtest',1),(66,'208206459018805248','importtest',1),(67,'208206459018805248','importtest',1),(68,'208206459018805248','importtest',1),(69,'208206459018805248','importtest',1),(70,'208206459018805248','importtest',1),(71,'208206459018805248','importtest',1),(72,'208206459018805248','importtest',1),(73,'208206459018805248','importtest',1),(74,'208206459018805248','importtest',1),(75,'208206459018805248','importtest',1),(76,'208206459018805248','importtest',1),(77,'208206459018805248','importtest',1),(78,'208206459018805248','importtest',1),(79,'208206459018805248','importtest',1),(80,'208206459018805248','importtest',1),(81,'208206459018805248','importtest',1),(82,'208206459018805248','importtest',1),(83,'208206459018805248','importtest',1),(84,'208206459018805248','importtest',1),(85,'208206459018805248','importtest',1),(86,'208206459018805248','importtest',1),(87,'208206459018805248','importtest',1),(88,'208206459018805248','importtest',1),(89,'208206459018805248','importtest',1),(90,'208206459018805248','importtest',1),(91,'208206459018805248','importtest',1),(92,'208206459018805248','importtest',1),(93,'208206459018805248','importtest',1),(94,'208206459018805248','importtest',1),(95,'208206459018805248','importtest',1),(96,'208206459018805248','importtest',1),(97,'208206459018805248','importtest',1),(98,'208206459018805248','importtest',1),(99,'208206459018805248','importtest',1),(100,'208206459018805248','importtest',1),(101,'208206459018805248','importtest',1),(102,'208206459018805248','importtest',1),(103,'208206459018805248','importtest',1),(104,'208206459018805248','importtest',1),(105,'208206459018805248','importtest',1),(106,'208206459018805248','importtest',1),(107,'208206459018805248','importtest',1),(108,'208206459018805248','importtest',1),(109,'208206459018805248','importtest',1),(110,'208206459018805248','importtest',1),(111,'208206459018805248','importtest',1),(112,'208206459018805248','importtest',1),(113,'208206459018805248','importtest',1),(114,'208206459018805248','importtest',1),(115,'208206459018805248','importtest',1),(116,'208206459018805248','importtest',1),(117,'208206459018805248','importtest',1),(118,'208206459018805248','importtest',1),(119,'208206459018805248','importtest',1),(120,'208206459018805248','importtest',1),(121,'208206459018805248','importtest',1),(122,'208206459018805248','importtest',1),(123,'208206459018805248','importtest',1),(124,'208206459018805248','importtest',1),(125,'208206459018805248','importtest',1),(126,'208206459018805248','importtest',1),(127,'208206459018805248','importtest',1),(128,'208206459018805248','importtest',1),(129,'208206459018805248','importtest',1),(130,'208206459018805248','importtest',1),(131,'208206459018805248','importtest',1),(132,'208206459018805248','importtest',1),(133,'208206459018805248','importtest',1),(134,'208206459018805248','importtest',1),(135,'208206459018805248','importtest',1),(136,'208206459018805248','importtest',1),(137,'208206459018805248','importtest',1),(138,'208206459018805248','importtest',1),(139,'208206459018805248','importtest',1),(140,'208206459018805248','importtest',1),(141,'208206459018805248','importtest',1),(142,'208206459018805248','importtest',1),(143,'208206459018805248','importtest',1),(144,'208206459018805248','importtest',1),(145,'208206459018805248','importtest',1),(146,'208206459018805248','importtest',1),(147,'208206459018805248','importtest',1),(148,'208206459018805248','importtest',1),(149,'208206459018805248','importtest',1),(150,'208206459018805248','importtest',1),(151,'208206459018805248','importtest',1),(152,'208206459018805248','importtest',1),(153,'208206459018805248','importtest',1),(154,'208206459018805248','importtest',1),(155,'208206459018805248','importtest',1),(156,'208206459018805248','importtest',1),(157,'208206459018805248','importtest',1),(158,'208206459018805248','importtest',1),(159,'208206459018805248','importtest',1),(160,'208206459018805248','importtest',1),(161,'208206459018805248','importtest',1),(162,'208206459018805248','importtest',1),(163,'208206459018805248','importtest',1),(164,'208206459018805248','importtest',1),(165,'208206459018805248','importtest',1),(166,'208206459018805248','importtest',1),(167,'208206459018805248','importtest',1),(168,'208206459018805248','importtest',1),(169,'208206459018805248','importtest',1),(170,'208206459018805248','importtest',1),(171,'208206459018805248','importtest',1),(172,'208206459018805248','importtest',1),(173,'208206459018805248','importtest',1),(174,'208206459018805248','importtest',1),(175,'208206459018805248','importtest',1),(176,'208206459018805248','importtest',1),(177,'208206459018805248','importtest',1),(178,'208206459018805248','importtest',1),(179,'208206459018805248','importtest',1),(180,'208206459018805248','importtest',1),(181,'208206459018805248','importtest',1),(182,'208206459018805248','importtest',1),(183,'208206459018805248','importtest',1),(184,'208206459018805248','importtest',1),(185,'208206459018805248','importtest',1),(186,'208206459018805248','importtest',1),(187,'208206459018805248','importtest',1),(188,'208206459018805248','importtest',1),(189,'208206459018805248','importtest',1),(190,'208206459018805248','importtest',1),(191,'208206459018805248','importtest',1),(192,'208206459018805248','importtest',1),(193,'208206459018805248','importtest',1),(16,'208206459018805248','omori_playlist',3),(17,'208206459018805248','omori_playlist',4),(19,'208206459018805248','omori_playlist',5),(20,'208206459018805248','omori_playlist',6),(21,'208206459018805248','omori_playlist',7),(22,'208206459018805248','omori_playlist',8),(23,'208206459018805248','omori_playlist',9),(24,'208206459018805248','omori_playlist',10),(25,'208206459018805248','omori_playlist',11),(26,'208206459018805248','omori_playlist',12),(27,'208206459018805248','omori_playlist',13),(28,'208206459018805248','omori_playlist',14),(29,'208206459018805248','omori_playlist',15),(30,'208206459018805248','omori_playlist',16),(31,'208206459018805248','omori_playlist',17),(32,'208206459018805248','omori_playlist',18),(33,'208206459018805248','omori_playlist',19),(34,'208206459018805248','omori_playlist',21),(35,'208206459018805248','omori_playlist',22),(36,'208206459018805248','omori_playlist',23),(37,'208206459018805248','omori_playlist',24),(38,'208206459018805248','omori_playlist',25),(39,'208206459018805248','omori_playlist',26),(40,'208206459018805248','omori_playlist',27),(41,'208206459018805248','omori_playlist',28),(42,'208206459018805248','omori_playlist',29),(43,'208206459018805248','omori_playlist',30),(44,'208206459018805248','omori_playlist',31),(45,'208206459018805248','omori_playlist',32),(46,'208206459018805248','omori_playlist',33),(47,'208206459018805248','omori_playlist',34),(48,'208206459018805248','omori_playlist',35),(49,'208206459018805248','omori_playlist',36),(50,'208206459018805248','omori_playlist',37),(51,'208206459018805248','omori_playlist',38),(52,'208206459018805248','omori_playlist',39),(53,'208206459018805248','omori_playlist',40),(54,'208206459018805248','omori_playlist',41),(55,'208206459018805248','omori_playlist',42),(56,'208206459018805248','omori_playlist',43),(57,'208206459018805248','omori_playlist',44),(58,'208206459018805248','omori_playlist',45),(59,'208206459018805248','omori_playlist',46),(60,'208206459018805248','omori_playlist',47),(61,'208206459018805248','omori_playlist',48),(62,'208206459018805248','omori_playlist',49),(63,'208206459018805248','omori_playlist',50),(64,'208206459018805248','omori_playlist',51),(65,'208206459018805248','omori_playlist',52),(66,'208206459018805248','omori_playlist',53),(67,'208206459018805248','omori_playlist',54),(68,'208206459018805248','omori_playlist',55),(69,'208206459018805248','omori_playlist',56),(70,'208206459018805248','omori_playlist',57),(71,'208206459018805248','omori_playlist',58),(72,'208206459018805248','omori_playlist',59),(73,'208206459018805248','omori_playlist',60),(74,'208206459018805248','omori_playlist',61),(75,'208206459018805248','omori_playlist',62),(76,'208206459018805248','omori_playlist',63),(77,'208206459018805248','omori_playlist',64),(78,'208206459018805248','omori_playlist',65),(79,'208206459018805248','omori_playlist',66),(80,'208206459018805248','omori_playlist',67),(81,'208206459018805248','omori_playlist',68),(82,'208206459018805248','omori_playlist',69),(83,'208206459018805248','omori_playlist',70),(84,'208206459018805248','omori_playlist',71),(85,'208206459018805248','omori_playlist',72),(86,'208206459018805248','omori_playlist',73),(87,'208206459018805248','omori_playlist',74),(88,'208206459018805248','omori_playlist',75),(89,'208206459018805248','omori_playlist',76),(90,'208206459018805248','omori_playlist',77),(91,'208206459018805248','omori_playlist',78),(92,'208206459018805248','omori_playlist',79),(93,'208206459018805248','omori_playlist',80),(94,'208206459018805248','omori_playlist',81),(95,'208206459018805248','omori_playlist',82),(96,'208206459018805248','omori_playlist',83),(97,'208206459018805248','omori_playlist',84),(98,'208206459018805248','omori_playlist',85),(99,'208206459018805248','omori_playlist',86),(100,'208206459018805248','omori_playlist',87),(101,'208206459018805248','omori_playlist',88),(102,'208206459018805248','omori_playlist',89),(103,'208206459018805248','omori_playlist',90),(104,'208206459018805248','omori_playlist',91),(105,'208206459018805248','omori_playlist',92),(106,'208206459018805248','omori_playlist',93),(107,'208206459018805248','omori_playlist',94),(108,'208206459018805248','omori_playlist',95),(109,'208206459018805248','omori_playlist',96),(110,'208206459018805248','omori_playlist',97),(111,'208206459018805248','omori_playlist',98),(112,'208206459018805248','omori_playlist',99),(113,'208206459018805248','omori_playlist',100),(115,'208206459018805248','omori_playlist',101),(116,'208206459018805248','omori_playlist',102),(117,'208206459018805248','omori_playlist',103),(118,'208206459018805248','omori_playlist',104),(119,'208206459018805248','omori_playlist',105),(120,'208206459018805248','omori_playlist',106),(121,'208206459018805248','omori_playlist',107),(122,'208206459018805248','omori_playlist',108),(123,'208206459018805248','omori_playlist',109),(124,'208206459018805248','omori_playlist',110),(125,'208206459018805248','omori_playlist',111),(126,'208206459018805248','omori_playlist',112),(127,'208206459018805248','omori_playlist',113),(128,'208206459018805248','omori_playlist',114),(129,'208206459018805248','omori_playlist',115),(130,'208206459018805248','omori_playlist',116),(131,'208206459018805248','omori_playlist',117),(132,'208206459018805248','omori_playlist',118),(133,'208206459018805248','omori_playlist',119),(134,'208206459018805248','omori_playlist',120),(135,'208206459018805248','omori_playlist',121),(136,'208206459018805248','omori_playlist',122),(137,'208206459018805248','omori_playlist',123),(138,'208206459018805248','omori_playlist',124),(139,'208206459018805248','omori_playlist',125),(140,'208206459018805248','omori_playlist',126),(141,'208206459018805248','omori_playlist',127),(142,'208206459018805248','omori_playlist',128),(143,'208206459018805248','omori_playlist',129),(144,'208206459018805248','omori_playlist',130),(145,'208206459018805248','omori_playlist',131),(146,'208206459018805248','omori_playlist',132),(147,'208206459018805248','omori_playlist',133),(148,'208206459018805248','omori_playlist',134),(149,'208206459018805248','omori_playlist',135),(150,'208206459018805248','omori_playlist',136),(151,'208206459018805248','omori_playlist',137),(152,'208206459018805248','omori_playlist',138),(153,'208206459018805248','omori_playlist',139),(154,'208206459018805248','omori_playlist',140),(155,'208206459018805248','omori_playlist',141),(156,'208206459018805248','omori_playlist',142),(157,'208206459018805248','omori_playlist',143),(158,'208206459018805248','omori_playlist',144),(159,'208206459018805248','omori_playlist',145),(160,'208206459018805248','omori_playlist',146),(161,'208206459018805248','omori_playlist',147),(162,'208206459018805248','omori_playlist',148),(163,'208206459018805248','omori_playlist',149),(164,'208206459018805248','omori_playlist',150),(165,'208206459018805248','omori_playlist',151),(166,'208206459018805248','omori_playlist',152),(167,'208206459018805248','omori_playlist',153),(168,'208206459018805248','omori_playlist',154),(169,'208206459018805248','omori_playlist',155),(170,'208206459018805248','omori_playlist',156),(171,'208206459018805248','omori_playlist',157),(172,'208206459018805248','omori_playlist',158),(173,'208206459018805248','omori_playlist',159),(174,'208206459018805248','omori_playlist',160),(175,'208206459018805248','omori_playlist',161),(176,'208206459018805248','omori_playlist',162),(177,'208206459018805248','omori_playlist',163),(178,'208206459018805248','omori_playlist',164),(179,'208206459018805248','omori_playlist',165),(180,'208206459018805248','omori_playlist',166),(181,'208206459018805248','omori_playlist',167),(182,'208206459018805248','omori_playlist',168),(183,'208206459018805248','omori_playlist',169),(184,'208206459018805248','omori_playlist',170),(185,'208206459018805248','omori_playlist',171),(186,'208206459018805248','omori_playlist',172),(187,'208206459018805248','omori_playlist',173),(188,'208206459018805248','omori_playlist',174),(189,'208206459018805248','omori_playlist',175),(190,'208206459018805248','omori_playlist',176),(191,'208206459018805248','omori_playlist',177),(192,'208206459018805248','omori_playlist',178),(624,'208206459018805248','omori_playlist',1),(624,'208206459018805248','omori_playlist',20),(11,'208206459018805248','omoritest',1),(12,'208206459018805248','omoritest',3),(13,'208206459018805248','omoritest',4),(14,'208206459018805248','omoritest',2),(194,'208206459018805248','undertale',1),(195,'208206459018805248','undertale',1),(196,'208206459018805248','undertale',1),(197,'208206459018805248','undertale',1),(198,'208206459018805248','undertale',1),(199,'208206459018805248','undertale',1),(200,'208206459018805248','undertale',1),(201,'208206459018805248','undertale',1),(202,'208206459018805248','undertale',1),(203,'208206459018805248','undertale',1),(204,'208206459018805248','undertale',1),(205,'208206459018805248','undertale',1),(206,'208206459018805248','undertale',1),(207,'208206459018805248','undertale',1),(208,'208206459018805248','undertale',1),(209,'208206459018805248','undertale',1),(210,'208206459018805248','undertale',1),(211,'208206459018805248','undertale',1),(212,'208206459018805248','undertale',1),(213,'208206459018805248','undertale',1),(214,'208206459018805248','undertale',1),(215,'208206459018805248','undertale',1),(624,'208206459018805248','undertale',23);
/*!40000 ALTER TABLE `playlist_content_map` ENABLE KEYS */;
UNLOCK TABLES;

--
-- Table structure for table `playlist_items`
--

DROP TABLE IF EXISTS `playlist_items`;
/*!40101 SET @saved_cs_client     = @@character_set_client */;
/*!50503 SET character_set_client = utf8mb4 */;
CREATE TABLE `playlist_items` (
  `playlistItemId` int NOT NULL AUTO_INCREMENT,
  `title` varchar(255) DEFAULT NULL,
  `uploader` varchar(255) DEFAULT NULL,
  `musicId` varchar(255) DEFAULT NULL,
  `originalURL` varchar(255) DEFAULT NULL,
  `dateCreated` datetime NOT NULL,
  PRIMARY KEY (`playlistItemId`)
) ENGINE=InnoDB AUTO_INCREMENT=682 DEFAULT CHARSET=utf8mb4 COLLATE=utf8mb4_0900_ai_ci;
/*!40101 SET character_set_client = @saved_cs_client */;

--
-- Dumping data for table `playlist_items`
--

LOCK TABLES `playlist_items` WRITE;
/*!40000 ALTER TABLE `playlist_items` DISABLE KEYS */;
INSERT INTO `playlist_items` VALUES (11,'OMORI OST - 001 Title','OMOCAT','9d9e6XmNn9Q','https://www.youtube.com/watch?v=9d9e6XmNn9Q','2023-11-22 14:22:45'),(12,'OMORI OST - 002 WHITE SPACE','OMOCAT','wtVHR_1fS5k','https://www.youtube.com/watch?v=wtVHR_1fS5k','2023-11-22 14:23:13'),(13,'OMORI OST - 003 Lost At A Sleepover','OMOCAT','hLDull8aPDw','https://www.youtube.com/watch?v=hLDull8aPDw','2023-11-22 14:23:41'),(14,'OMORI OST - 004 Spaces In-between','OMOCAT','ljAyy-dhAz0','https://www.youtube.com/watch?v=ljAyy-dhAz0','2023-11-22 14:36:27'),(15,'OMORI OST - 001 Title','OMOCAT','9d9e6XmNn9Q','https://www.youtube.com/watch?v=9d9e6XmNn9Q&list=PLbANFjAlbtqLkcthrPJ7lqYcVTSwXr2L0','2023-11-29 10:11:27'),(16,'OMORI OST - 002 WHITE SPACE','OMOCAT','wtVHR_1fS5k','https://www.youtube.com/watch?v=wtVHR_1fS5k&list=PLbANFjAlbtqLkcthrPJ7lqYcVTSwXr2L0','2023-11-29 10:11:27'),(17,'OMORI OST - 003 Lost At A Sleepover','OMOCAT','hLDull8aPDw','https://www.youtube.com/watch?v=hLDull8aPDw&list=PLbANFjAlbtqLkcthrPJ7lqYcVTSwXr2L0','2023-11-29 10:11:27'),(18,'OMORI OST - 004 Spaces In-between','OMOCAT','ljAyy-dhAz0','https://www.youtube.com/watch?v=ljAyy-dhAz0&list=PLbANFjAlbtqLkcthrPJ7lqYcVTSwXr2L0','2023-11-29 10:11:27'),(19,'OMORI OST - 005 By Your Side.','OMOCAT','7GIWV__qx4M','https://www.youtube.com/watch?v=7GIWV__qx4M&list=PLbANFjAlbtqLkcthrPJ7lqYcVTSwXr2L0','2023-11-29 10:11:27'),(20,'OMORI OST - 006 Let\'s Get Together Now!','OMOCAT','GoWgI1V_WDA','https://www.youtube.com/watch?v=GoWgI1V_WDA&list=PLbANFjAlbtqLkcthrPJ7lqYcVTSwXr2L0','2023-11-29 10:11:27'),(21,'OMORI OST - 007 100 Sunny','OMOCAT','10rFQMp9cjE','https://www.youtube.com/watch?v=10rFQMp9cjE&list=PLbANFjAlbtqLkcthrPJ7lqYcVTSwXr2L0','2023-11-29 10:11:27'),(22,'OMORI OST - 008 Trouble Brewing','OMOCAT','AO4-wj6WLO4','https://www.youtube.com/watch?v=AO4-wj6WLO4&list=PLbANFjAlbtqLkcthrPJ7lqYcVTSwXr2L0','2023-11-29 10:11:27'),(23,'OMORI OST - 009 Push & Shove','OMOCAT','tnyNKmndmRg','https://www.youtube.com/watch?v=tnyNKmndmRg&list=PLbANFjAlbtqLkcthrPJ7lqYcVTSwXr2L0','2023-11-29 10:11:27'),(24,'OMORI OST - 010 So, How\'d We Do?','OMOCAT','L1Vuc1-9fh8','https://www.youtube.com/watch?v=L1Vuc1-9fh8&list=PLbANFjAlbtqLkcthrPJ7lqYcVTSwXr2L0','2023-11-29 10:11:27'),(25,'OMORI OST - 011 It\'s Okay To Try Again...','OMOCAT','_pVm9PozysI','https://www.youtube.com/watch?v=_pVm9PozysI&list=PLbANFjAlbtqLkcthrPJ7lqYcVTSwXr2L0','2023-11-29 10:11:27'),(26,'OMORI OST - 012 Trees...','OMOCAT','n_Dxix0lvDM','https://www.youtube.com/watch?v=n_Dxix0lvDM&list=PLbANFjAlbtqLkcthrPJ7lqYcVTSwXr2L0','2023-11-29 10:11:27'),(27,'OMORI OST - 013 A Home For Flowers (Tulip)','OMOCAT','u2xW23u4qEY','https://www.youtube.com/watch?v=u2xW23u4qEY&list=PLbANFjAlbtqLkcthrPJ7lqYcVTSwXr2L0','2023-11-29 10:11:27'),(28,'OMORI OST - 014 Acrophobia','OMOCAT','wMfwS3xsH0s','https://www.youtube.com/watch?v=wMfwS3xsH0s&list=PLbANFjAlbtqLkcthrPJ7lqYcVTSwXr2L0','2023-11-29 10:11:27'),(29,'OMORI OST - 015 Tussle Among Trees','OMOCAT','DWxiVN9eWVY','https://www.youtube.com/watch?v=DWxiVN9eWVY&list=PLbANFjAlbtqLkcthrPJ7lqYcVTSwXr2L0','2023-11-29 10:11:27'),(30,'OMORI OST - 016 A Place By A Lake','OMOCAT','khr33grtujE','https://www.youtube.com/watch?v=khr33grtujE&list=PLbANFjAlbtqLkcthrPJ7lqYcVTSwXr2L0','2023-11-29 10:11:27'),(31,'OMORI OST - 017 Forest Chillin\'','OMOCAT','0Mbyt-XO8gc','https://www.youtube.com/watch?v=0Mbyt-XO8gc&list=PLbANFjAlbtqLkcthrPJ7lqYcVTSwXr2L0','2023-11-29 10:11:27'),(32,'OMORI OST - 018 Poems In The Fog','OMOCAT','LhANeyMTs0w','https://www.youtube.com/watch?v=LhANeyMTs0w&list=PLbANFjAlbtqLkcthrPJ7lqYcVTSwXr2L0','2023-11-29 10:11:27'),(33,'OMORI OST - 019 Space Road 1979','OMOCAT','p-E4vGa7z84','https://www.youtube.com/watch?v=p-E4vGa7z84&list=PLbANFjAlbtqLkcthrPJ7lqYcVTSwXr2L0','2023-11-29 10:11:27'),(34,'OMORI OST - 020 See In Your Fantasy','OMOCAT','2zha0Yb126o','https://www.youtube.com/watch?v=2zha0Yb126o&list=PLbANFjAlbtqLkcthrPJ7lqYcVTSwXr2L0','2023-11-29 10:11:27'),(35,'OMORI OST - 021 Sugar Star Planetarium','OMOCAT','ZEZRa41ury4','https://www.youtube.com/watch?v=ZEZRa41ury4&list=PLbANFjAlbtqLkcthrPJ7lqYcVTSwXr2L0','2023-11-29 10:11:27'),(36,'OMORI OST - 022 Lost, Then Found!','OMOCAT','b4dbjk2HcYo','https://www.youtube.com/watch?v=b4dbjk2HcYo&list=PLbANFjAlbtqLkcthrPJ7lqYcVTSwXr2L0','2023-11-29 10:11:27'),(37,'OMORI OST - 023 THE VENGEANCE OF THOSE FORGOTTEN IN DARKNESS','OMOCAT','9hqWe-Fr4ko','https://www.youtube.com/watch?v=9hqWe-Fr4ko&list=PLbANFjAlbtqLkcthrPJ7lqYcVTSwXr2L0','2023-11-29 10:11:27'),(38,'OMORI OST - 024 Recycling Is A Concept!','OMOCAT','D3By5lrZ8sM','https://www.youtube.com/watch?v=D3By5lrZ8sM&list=PLbANFjAlbtqLkcthrPJ7lqYcVTSwXr2L0','2023-11-29 10:11:27'),(39,'OMORI OST - 025 Lovesick - 80,000 Lightyears','OMOCAT','YiDYHPHm6Rg','https://www.youtube.com/watch?v=YiDYHPHm6Rg&list=PLbANFjAlbtqLkcthrPJ7lqYcVTSwXr2L0','2023-11-29 10:11:27'),(40,'OMORI OST - 026 I Will Catch Up!','OMOCAT','jB95To5rlsk','https://www.youtube.com/watch?v=jB95To5rlsk&list=PLbANFjAlbtqLkcthrPJ7lqYcVTSwXr2L0','2023-11-29 10:11:27'),(41,'OMORI OST - 027 Three Bar Logos','OMOCAT','RkQ1cgvkylI','https://www.youtube.com/watch?v=RkQ1cgvkylI&list=PLbANFjAlbtqLkcthrPJ7lqYcVTSwXr2L0','2023-11-29 10:11:27'),(42,'OMORI OST - 028 YO DJ PUMP THIS PARTY','OMOCAT','4IS59hM58Bs','https://www.youtube.com/watch?v=4IS59hM58Bs&list=PLbANFjAlbtqLkcthrPJ7lqYcVTSwXr2L0','2023-11-29 10:11:27'),(43,'OMORI OST - 029 Good For Health, Bad for Imagination','OMOCAT','XeK_I0XQW6U','https://www.youtube.com/watch?v=XeK_I0XQW6U&list=PLbANFjAlbtqLkcthrPJ7lqYcVTSwXr2L0','2023-11-29 10:11:27'),(44,'OMORI OST - 030 Snow Forest - A Single Flower Blooms','OMOCAT','POLg-0WWXJE','https://www.youtube.com/watch?v=POLg-0WWXJE&list=PLbANFjAlbtqLkcthrPJ7lqYcVTSwXr2L0','2023-11-29 10:11:27'),(45,'OMORI OST - 031 White Surf Style 6','OMOCAT','_7FGh_1cWT0','https://www.youtube.com/watch?v=_7FGh_1cWT0&list=PLbANFjAlbtqLkcthrPJ7lqYcVTSwXr2L0','2023-11-29 10:11:27'),(46,'OMORI OST - 032 Stardust Diving','OMOCAT','AKPBblzvbNI','https://www.youtube.com/watch?v=AKPBblzvbNI&list=PLbANFjAlbtqLkcthrPJ7lqYcVTSwXr2L0','2023-11-29 10:11:27'),(47,'OMORI OST - 033 Oh My God.','OMOCAT','fhfHb6nwyh0','https://www.youtube.com/watch?v=fhfHb6nwyh0&list=PLbANFjAlbtqLkcthrPJ7lqYcVTSwXr2L0','2023-11-29 10:11:27'),(48,'OMORI OST - 034 A Rose By Any Other Name...','OMOCAT','0IT0kOwFaaE','https://www.youtube.com/watch?v=0IT0kOwFaaE&list=PLbANFjAlbtqLkcthrPJ7lqYcVTSwXr2L0','2023-11-29 10:11:27'),(49,'OMORI OST - 035 Stardust Dusting','OMOCAT','cqVSlFhUK48','https://www.youtube.com/watch?v=cqVSlFhUK48&list=PLbANFjAlbtqLkcthrPJ7lqYcVTSwXr2L0','2023-11-29 10:11:27'),(50,'OMORI OST - 036 CHAOS ASSEMBLY','OMOCAT','OwR9FpEdGPI','https://www.youtube.com/watch?v=OwR9FpEdGPI&list=PLbANFjAlbtqLkcthrPJ7lqYcVTSwXr2L0','2023-11-29 10:11:27'),(51,'OMORI OST - 037 The Elegance of the Mysterious and Distant','OMOCAT','tfSOrLbfR1k','https://www.youtube.com/watch?v=tfSOrLbfR1k&list=PLbANFjAlbtqLkcthrPJ7lqYcVTSwXr2L0','2023-11-29 10:11:27'),(52,'OMORI OST - 038 Space Boyfriend\'s Tape - I Want Nothing More','OMOCAT','UWdCGihgiX8','https://www.youtube.com/watch?v=UWdCGihgiX8&list=PLbANFjAlbtqLkcthrPJ7lqYcVTSwXr2L0','2023-11-29 10:11:27'),(53,'OMORI OST - 039 Trouble - NEVER/ALWAYS','OMOCAT','fsCMZQvpxpM','https://www.youtube.com/watch?v=fsCMZQvpxpM&list=PLbANFjAlbtqLkcthrPJ7lqYcVTSwXr2L0','2023-11-29 10:11:27'),(54,'OMORI OST - 040 You Were Wrong. Go Back.','OMOCAT','TyHXvJdyMUo','https://www.youtube.com/watch?v=TyHXvJdyMUo&list=PLbANFjAlbtqLkcthrPJ7lqYcVTSwXr2L0','2023-11-29 10:11:27'),(55,'OMORI OST - 041 Such A Time We Had Together','OMOCAT','ZHGonUUMeO8','https://www.youtube.com/watch?v=ZHGonUUMeO8&list=PLbANFjAlbtqLkcthrPJ7lqYcVTSwXr2L0','2023-11-29 10:11:27'),(56,'OMORI OST - 042 Photograph','OMOCAT','J2bX_B_oU-8','https://www.youtube.com/watch?v=J2bX_B_oU-8&list=PLbANFjAlbtqLkcthrPJ7lqYcVTSwXr2L0','2023-11-29 10:11:27'),(57,'OMORI OST - 043 Finding Shapes in the Clouds','OMOCAT','uF9xZPwaIUY','https://www.youtube.com/watch?v=uF9xZPwaIUY&list=PLbANFjAlbtqLkcthrPJ7lqYcVTSwXr2L0','2023-11-29 10:11:27'),(58,'OMORI OST - 044 Where We Used To Play','OMOCAT','DepK5YBmWfA','https://www.youtube.com/watch?v=DepK5YBmWfA&list=PLbANFjAlbtqLkcthrPJ7lqYcVTSwXr2L0','2023-11-29 10:11:27'),(59,'OMORI OST - 045 Bargain Bin Boys','OMOCAT','e7JHrEbnH78','https://www.youtube.com/watch?v=e7JHrEbnH78&list=PLbANFjAlbtqLkcthrPJ7lqYcVTSwXr2L0','2023-11-29 10:11:27'),(60,'OMORI OST - 046 Woof','OMOCAT','3jF5hK3h0wk','https://www.youtube.com/watch?v=3jF5hK3h0wk&list=PLbANFjAlbtqLkcthrPJ7lqYcVTSwXr2L0','2023-11-29 10:11:27'),(61,'OMORI OST - 047 Realistic Space Simulation','OMOCAT','GLjpwNS8sj4','https://www.youtube.com/watch?v=GLjpwNS8sj4&list=PLbANFjAlbtqLkcthrPJ7lqYcVTSwXr2L0','2023-11-29 10:11:27'),(62,'OMORI OST - 048 Jash Bash','OMOCAT','vqFL-p7AB8U','https://www.youtube.com/watch?v=vqFL-p7AB8U&list=PLbANFjAlbtqLkcthrPJ7lqYcVTSwXr2L0','2023-11-29 10:11:27'),(63,'OMORI OST - 049 Jash Bash 2: New Age of Heroes','OMOCAT','H5RbFRKKgfA','https://www.youtube.com/watch?v=H5RbFRKKgfA&list=PLbANFjAlbtqLkcthrPJ7lqYcVTSwXr2L0','2023-11-29 10:11:27'),(64,'OMORI OST - 050 Jash Bash 3: Jashpocalypse Infinity','OMOCAT','GOQq7e3K20Q','https://www.youtube.com/watch?v=GOQq7e3K20Q&list=PLbANFjAlbtqLkcthrPJ7lqYcVTSwXr2L0','2023-11-29 10:11:27'),(65,'OMORI OST - 051 Clash of Jash','OMOCAT','s1pAlPutUZk','https://www.youtube.com/watch?v=s1pAlPutUZk&list=PLbANFjAlbtqLkcthrPJ7lqYcVTSwXr2L0','2023-11-29 10:11:27'),(66,'OMORI OST - 052 Take A Load Off','OMOCAT','KkgJScQq0Bg','https://www.youtube.com/watch?v=KkgJScQq0Bg&list=PLbANFjAlbtqLkcthrPJ7lqYcVTSwXr2L0','2023-11-29 10:11:27'),(67,'OMORI OST - 053 I Prefer My Pizza 90% Grease','OMOCAT','PzH1RNhS57w','https://www.youtube.com/watch?v=PzH1RNhS57w&list=PLbANFjAlbtqLkcthrPJ7lqYcVTSwXr2L0','2023-11-29 10:11:27'),(68,'OMORI OST - 054 Fresh...ish...','OMOCAT','IU1eOAk2zeY','https://www.youtube.com/watch?v=IU1eOAk2zeY&list=PLbANFjAlbtqLkcthrPJ7lqYcVTSwXr2L0','2023-11-29 10:11:27'),(69,'OMORI OST - 055 High Fructose Headache','OMOCAT','O3jZEHAEIDA','https://www.youtube.com/watch?v=O3jZEHAEIDA&list=PLbANFjAlbtqLkcthrPJ7lqYcVTSwXr2L0','2023-11-29 10:11:27'),(70,'OMORI OST - 056 I Think My Dad Shops Here','OMOCAT','uWijf1XXncw','https://www.youtube.com/watch?v=uWijf1XXncw&list=PLbANFjAlbtqLkcthrPJ7lqYcVTSwXr2L0','2023-11-29 10:11:27'),(71,'OMORI OST - 057 Just Leave Me Alone','OMOCAT','uEzbdsyaNao','https://www.youtube.com/watch?v=uEzbdsyaNao&list=PLbANFjAlbtqLkcthrPJ7lqYcVTSwXr2L0','2023-11-29 10:11:27'),(72,'OMORI OST - 058 Cram It Wad','OMOCAT','X4sDbcV6R_k','https://www.youtube.com/watch?v=X4sDbcV6R_k&list=PLbANFjAlbtqLkcthrPJ7lqYcVTSwXr2L0','2023-11-29 10:11:27'),(73,'OMORI OST - 059 Respite','OMOCAT','krY42gTTtYM','https://www.youtube.com/watch?v=krY42gTTtYM&list=PLbANFjAlbtqLkcthrPJ7lqYcVTSwXr2L0','2023-11-29 10:11:27'),(74,'OMORI OST - 060 It Means Everything.','OMOCAT','8wKWwUzgCE8','https://www.youtube.com/watch?v=8wKWwUzgCE8&list=PLbANFjAlbtqLkcthrPJ7lqYcVTSwXr2L0','2023-11-29 10:11:27'),(75,'OMORI OST - 061 See You Tomorrow','OMOCAT','MQYmjpdA_Pw','https://www.youtube.com/watch?v=MQYmjpdA_Pw&list=PLbANFjAlbtqLkcthrPJ7lqYcVTSwXr2L0','2023-11-29 10:11:27'),(76,'OMORI OST - 062 A Home For Flowers (Empty)','OMOCAT','LjyToU14TBM','https://www.youtube.com/watch?v=LjyToU14TBM&list=PLbANFjAlbtqLkcthrPJ7lqYcVTSwXr2L0','2023-11-29 10:11:27'),(77,'OMORI OST - 063 Help Me','OMOCAT','SPX1ps4P-_s','https://www.youtube.com/watch?v=SPX1ps4P-_s&list=PLbANFjAlbtqLkcthrPJ7lqYcVTSwXr2L0','2023-11-29 10:11:27'),(78,'OMORI OST - 064 Arachnophobia','OMOCAT','ASrtjconCdc','https://www.youtube.com/watch?v=ASrtjconCdc&list=PLbANFjAlbtqLkcthrPJ7lqYcVTSwXr2L0','2023-11-29 10:11:27'),(79,'OMORI OST - 065 Something, Alone','OMOCAT','IOBWv8Oa7xA','https://www.youtube.com/watch?v=IOBWv8Oa7xA&list=PLbANFjAlbtqLkcthrPJ7lqYcVTSwXr2L0','2023-11-29 10:11:27'),(80,'OMORI OST - 066 Fade','OMOCAT','ZDdBZtWIPU0','https://www.youtube.com/watch?v=ZDdBZtWIPU0&list=PLbANFjAlbtqLkcthrPJ7lqYcVTSwXr2L0','2023-11-29 10:11:27'),(81,'OMORI OST - 067 The Heart of the Desert','OMOCAT','-fNEOpbZkV4','https://www.youtube.com/watch?v=-fNEOpbZkV4&list=PLbANFjAlbtqLkcthrPJ7lqYcVTSwXr2L0','2023-11-29 10:11:27'),(82,'OMORI OST - 068 Puddles','OMOCAT','_46DK9y5J5o','https://www.youtube.com/watch?v=_46DK9y5J5o&list=PLbANFjAlbtqLkcthrPJ7lqYcVTSwXr2L0','2023-11-29 10:11:27'),(83,'OMORI OST - 069 PRANKED.','OMOCAT','uEPH9oZ0IKU','https://www.youtube.com/watch?v=uEPH9oZ0IKU&list=PLbANFjAlbtqLkcthrPJ7lqYcVTSwXr2L0','2023-11-29 10:11:27'),(84,'OMORI OST - 070 An Archaeic Resonance','OMOCAT','4eZgtFTAe60','https://www.youtube.com/watch?v=4eZgtFTAe60&list=PLbANFjAlbtqLkcthrPJ7lqYcVTSwXr2L0','2023-11-29 10:11:27'),(85,'OMORI OST - 071 \'X\' Marks The Spot!','OMOCAT','B1U_QlT2i1Y','https://www.youtube.com/watch?v=B1U_QlT2i1Y&list=PLbANFjAlbtqLkcthrPJ7lqYcVTSwXr2L0','2023-11-29 10:11:27'),(86,'OMORI OST -  072 Those Who Forget History','OMOCAT','y4JRowX8dcQ','https://www.youtube.com/watch?v=y4JRowX8dcQ&list=PLbANFjAlbtqLkcthrPJ7lqYcVTSwXr2L0','2023-11-29 10:11:27'),(87,'OMORI OST - 073 Tumbleweeds','OMOCAT','xKUPLQypXYg','https://www.youtube.com/watch?v=xKUPLQypXYg&list=PLbANFjAlbtqLkcthrPJ7lqYcVTSwXr2L0','2023-11-29 10:11:27'),(88,'OMORI OST - 074 Pyrefly Forest - Cat\'s Cradle','OMOCAT','QtQubHCy2UI','https://www.youtube.com/watch?v=QtQubHCy2UI&list=PLbANFjAlbtqLkcthrPJ7lqYcVTSwXr2L0','2023-11-29 10:11:27'),(89,'OMORI OST - 075 Forest Frenzy','OMOCAT','0IWU-9_BuQw','https://www.youtube.com/watch?v=0IWU-9_BuQw&list=PLbANFjAlbtqLkcthrPJ7lqYcVTSwXr2L0','2023-11-29 10:11:27'),(90,'OMORI OST - 076 Sweet Paralysis','OMOCAT','aFwkKTITYKA','https://www.youtube.com/watch?v=aFwkKTITYKA&list=PLbANFjAlbtqLkcthrPJ7lqYcVTSwXr2L0','2023-11-29 10:11:27'),(91,'OMORI OST - 077 Sweetheart\'s Quest for Hearts','OMOCAT','FgXOBL1cdIA','https://www.youtube.com/watch?v=FgXOBL1cdIA&list=PLbANFjAlbtqLkcthrPJ7lqYcVTSwXr2L0','2023-11-29 10:11:27'),(92,'OMORI OST - 078 How...sad!','OMOCAT','Io5-rYQ8TjY','https://www.youtube.com/watch?v=Io5-rYQ8TjY&list=PLbANFjAlbtqLkcthrPJ7lqYcVTSwXr2L0','2023-11-29 10:11:27'),(93,'OMORI OST - 079 How...tragic!','OMOCAT','z2NNo23Q9do','https://www.youtube.com/watch?v=z2NNo23Q9do&list=PLbANFjAlbtqLkcthrPJ7lqYcVTSwXr2L0','2023-11-29 10:11:27'),(94,'OMORI OST - 080 Eternal Dungeon','OMOCAT','1jQWgrgDlC4','https://www.youtube.com/watch?v=1jQWgrgDlC4&list=PLbANFjAlbtqLkcthrPJ7lqYcVTSwXr2L0','2023-11-29 10:11:27'),(95,'OMORI OST - 081 Splintered Sweets In The Castle','OMOCAT','HLHvRifRS9U','https://www.youtube.com/watch?v=HLHvRifRS9U&list=PLbANFjAlbtqLkcthrPJ7lqYcVTSwXr2L0','2023-11-29 10:11:27'),(96,'OMORI OST - 082 Wandering Rose','OMOCAT','LXn3FNYzvwo','https://www.youtube.com/watch?v=LXn3FNYzvwo&list=PLbANFjAlbtqLkcthrPJ7lqYcVTSwXr2L0','2023-11-29 10:11:27'),(97,'OMORI OST - 083 Stationary Rose','OMOCAT','uZYl9h5Ji1c','https://www.youtube.com/watch?v=uZYl9h5Ji1c&list=PLbANFjAlbtqLkcthrPJ7lqYcVTSwXr2L0','2023-11-29 10:11:27'),(98,'OMORI OST - 084 Valour Against All Odds','OMOCAT','7nST9wmNGB8','https://www.youtube.com/watch?v=7nST9wmNGB8&list=PLbANFjAlbtqLkcthrPJ7lqYcVTSwXr2L0','2023-11-29 10:11:27'),(99,'OMORI OST - 085 I Definitely Promised You A Rose Garden','OMOCAT','WQTdaPEBjWs','https://www.youtube.com/watch?v=WQTdaPEBjWs&list=PLbANFjAlbtqLkcthrPJ7lqYcVTSwXr2L0','2023-11-29 10:11:27'),(100,'OMORI OST - 086 World\'s End Valentine','OMOCAT','rlQd9qWKjLM','https://www.youtube.com/watch?v=rlQd9qWKjLM&list=PLbANFjAlbtqLkcthrPJ7lqYcVTSwXr2L0','2023-11-29 10:11:27'),(101,'OMORI OST - 087 I Just Love The 50s!!!','OMOCAT','DY9lM41h-dg','https://www.youtube.com/watch?v=DY9lM41h-dg&list=PLbANFjAlbtqLkcthrPJ7lqYcVTSwXr2L0','2023-11-29 10:11:27'),(102,'OMORI OST - 088 Lost Library','OMOCAT','31jhk_A3mYk','https://www.youtube.com/watch?v=31jhk_A3mYk&list=PLbANFjAlbtqLkcthrPJ7lqYcVTSwXr2L0','2023-11-29 10:11:27'),(103,'OMORI OST - 089 Bookcase','OMOCAT','uLQcyE4dZi0','https://www.youtube.com/watch?v=uLQcyE4dZi0&list=PLbANFjAlbtqLkcthrPJ7lqYcVTSwXr2L0','2023-11-29 10:11:27'),(104,'OMORI OST - 090 Thrifted Tchotchkes','OMOCAT','DbPfICOHzp4','https://www.youtube.com/watch?v=DbPfICOHzp4&list=PLbANFjAlbtqLkcthrPJ7lqYcVTSwXr2L0','2023-11-29 10:11:27'),(105,'OMORI OST - 091 Swirly 1000x','OMOCAT','Hww-EBjdKvg','https://www.youtube.com/watch?v=Hww-EBjdKvg&list=PLbANFjAlbtqLkcthrPJ7lqYcVTSwXr2L0','2023-11-29 10:11:27'),(106,'OMORI OST - 092 Dear Little Brother...','OMOCAT','t3b52Z2qtfw','https://www.youtube.com/watch?v=t3b52Z2qtfw&list=PLbANFjAlbtqLkcthrPJ7lqYcVTSwXr2L0','2023-11-29 10:11:27'),(107,'OMORI OST - 093 Thalassophobia','OMOCAT','lB7Lxd_1TYQ','https://www.youtube.com/watch?v=lB7Lxd_1TYQ&list=PLbANFjAlbtqLkcthrPJ7lqYcVTSwXr2L0','2023-11-29 10:11:27'),(108,'OMORI OST - 094 Water','OMOCAT','bYMsrd5uwNg','https://www.youtube.com/watch?v=bYMsrd5uwNg&list=PLbANFjAlbtqLkcthrPJ7lqYcVTSwXr2L0','2023-11-29 10:11:27'),(109,'OMORI OST - 095 Hanging With The Boys','OMOCAT','k5ULcrFTLxA','https://www.youtube.com/watch?v=k5ULcrFTLxA&list=PLbANFjAlbtqLkcthrPJ7lqYcVTSwXr2L0','2023-11-29 10:11:27'),(110,'OMORI OST - 096 WHITE SPACE','OMOCAT','t815nBXavpE','https://www.youtube.com/watch?v=t815nBXavpE&list=PLbANFjAlbtqLkcthrPJ7lqYcVTSwXr2L0','2023-11-29 10:11:27'),(111,'OMORI OST - 097 Origin','OMOCAT','lnu0ygZ4tvk','https://www.youtube.com/watch?v=lnu0ygZ4tvk&list=PLbANFjAlbtqLkcthrPJ7lqYcVTSwXr2L0','2023-11-29 10:11:27'),(112,'OMORI OST - 098 Long Way Down...','OMOCAT','SJaIn9D5ro4','https://www.youtube.com/watch?v=SJaIn9D5ro4&list=PLbANFjAlbtqLkcthrPJ7lqYcVTSwXr2L0','2023-11-29 10:11:27'),(113,'OMORI OST - 099 The Last Resort','OMOCAT','J87QEOPza0c','https://www.youtube.com/watch?v=J87QEOPza0c&list=PLbANFjAlbtqLkcthrPJ7lqYcVTSwXr2L0','2023-11-29 10:11:27'),(114,'OMORI OST - 100 Not-So-Empty-House','OMOCAT','r6E18KHYZE8','https://www.youtube.com/watch?v=r6E18KHYZE8&list=PLbANFjAlbtqLkcthrPJ7lqYcVTSwXr2L0','2023-11-29 10:11:27'),(115,'OMORI OST - 101 It\'s A Ghost Dance','OMOCAT','N7Oy1pvobKI','https://www.youtube.com/watch?v=N7Oy1pvobKI&list=PLbANFjAlbtqLkcthrPJ7lqYcVTSwXr2L0','2023-11-29 10:11:28'),(116,'OMORI OST - 102 Room for 4','OMOCAT','FRAcLeSg6RY','https://www.youtube.com/watch?v=FRAcLeSg6RY&list=PLbANFjAlbtqLkcthrPJ7lqYcVTSwXr2L0','2023-11-29 10:11:28'),(117,'OMORI OST - 103 Gator Gambol','OMOCAT','XAUoNdt-0hs','https://www.youtube.com/watch?v=XAUoNdt-0hs&list=PLbANFjAlbtqLkcthrPJ7lqYcVTSwXr2L0','2023-11-29 10:11:28'),(118,'OMORI OST - 104 Clams Clams Clams','OMOCAT','6MBFHl_E3AU','https://www.youtube.com/watch?v=6MBFHl_E3AU&list=PLbANFjAlbtqLkcthrPJ7lqYcVTSwXr2L0','2023-11-29 10:11:28'),(119,'OMORI OST - 105 Jawbreaker','OMOCAT','Cmj8FDbUdF8','https://www.youtube.com/watch?v=Cmj8FDbUdF8&list=PLbANFjAlbtqLkcthrPJ7lqYcVTSwXr2L0','2023-11-29 10:11:28'),(120,'OMORI OST - 106 GOLDENVENGEANCE','OMOCAT','PqQC_gl5k0w','https://www.youtube.com/watch?v=PqQC_gl5k0w&list=PLbANFjAlbtqLkcthrPJ7lqYcVTSwXr2L0','2023-11-29 10:11:28'),(121,'OMORI OST - 107 Underwater Highway','OMOCAT','mfUvvgsvKQ8','https://www.youtube.com/watch?v=mfUvvgsvKQ8&list=PLbANFjAlbtqLkcthrPJ7lqYcVTSwXr2L0','2023-11-29 10:11:28'),(122,'OMORI OST - 108 Squall','OMOCAT','6Wg3pWcLmcI','https://www.youtube.com/watch?v=6Wg3pWcLmcI&list=PLbANFjAlbtqLkcthrPJ7lqYcVTSwXr2L0','2023-11-29 10:11:28'),(123,'OMORI OST - 109 Aquifer','OMOCAT','IV_vAW8QfPQ','https://www.youtube.com/watch?v=IV_vAW8QfPQ&list=PLbANFjAlbtqLkcthrPJ7lqYcVTSwXr2L0','2023-11-29 10:11:28'),(124,'OMORI OST - 110 Numbers','OMOCAT','4Q-nIrhdsGY','https://www.youtube.com/watch?v=4Q-nIrhdsGY&list=PLbANFjAlbtqLkcthrPJ7lqYcVTSwXr2L0','2023-11-29 10:11:28'),(125,'OMORI OST - 111 Sinking','OMOCAT','Q5_r_ld4vyY','https://www.youtube.com/watch?v=Q5_r_ld4vyY&list=PLbANFjAlbtqLkcthrPJ7lqYcVTSwXr2L0','2023-11-29 10:11:28'),(126,'OMORI OST - 112 H20:HCL','OMOCAT','KszmrMQYYNw','https://www.youtube.com/watch?v=KszmrMQYYNw&list=PLbANFjAlbtqLkcthrPJ7lqYcVTSwXr2L0','2023-11-29 10:11:28'),(127,'OMORI OST - 113 Chemistry On and On','OMOCAT','FNrpcJ2Qyl0','https://www.youtube.com/watch?v=FNrpcJ2Qyl0&list=PLbANFjAlbtqLkcthrPJ7lqYcVTSwXr2L0','2023-11-29 10:11:28'),(128,'OMORI OST - 114 But I Wanna See It All With You!','OMOCAT','gAOXXwV7_1o','https://www.youtube.com/watch?v=gAOXXwV7_1o&list=PLbANFjAlbtqLkcthrPJ7lqYcVTSwXr2L0','2023-11-29 10:11:28'),(129,'OMORI OST - 115 Grimey','OMOCAT','2iV5ys9JmBs','https://www.youtube.com/watch?v=2iV5ys9JmBs&list=PLbANFjAlbtqLkcthrPJ7lqYcVTSwXr2L0','2023-11-29 10:11:28'),(130,'OMORI OST - 116 Underwater Prom Queens','OMOCAT','7xl5kRE19y4','https://www.youtube.com/watch?v=7xl5kRE19y4&list=PLbANFjAlbtqLkcthrPJ7lqYcVTSwXr2L0','2023-11-29 10:11:28'),(131,'OMORI OST - 117 Whale Whale Whale','OMOCAT','z-mru_OwH58','https://www.youtube.com/watch?v=z-mru_OwH58&list=PLbANFjAlbtqLkcthrPJ7lqYcVTSwXr2L0','2023-11-29 10:11:28'),(132,'OMORI OST - 118 Swallow Hollow','OMOCAT','35SmEPcX5hw','https://www.youtube.com/watch?v=35SmEPcX5hw&list=PLbANFjAlbtqLkcthrPJ7lqYcVTSwXr2L0','2023-11-29 10:11:28'),(133,'OMORI OST - 119 Gross...','OMOCAT','C2WrhtU-7uo','https://www.youtube.com/watch?v=C2WrhtU-7uo&list=PLbANFjAlbtqLkcthrPJ7lqYcVTSwXr2L0','2023-11-29 10:11:28'),(134,'OMORI OST - 120 That One Song But It\'s Some Mermaids','OMOCAT','oeqt4IPYBdo','https://www.youtube.com/watch?v=oeqt4IPYBdo&list=PLbANFjAlbtqLkcthrPJ7lqYcVTSwXr2L0','2023-11-29 10:11:28'),(135,'OMORI OST - 121 Undertow','OMOCAT','-vWVAo-qHrc','https://www.youtube.com/watch?v=-vWVAo-qHrc&list=PLbANFjAlbtqLkcthrPJ7lqYcVTSwXr2L0','2023-11-29 10:11:28'),(136,'OMORI OST - 122 WHITE SPACE','OMOCAT','POMNynMVTk0','https://www.youtube.com/watch?v=POMNynMVTk0&list=PLbANFjAlbtqLkcthrPJ7lqYcVTSwXr2L0','2023-11-29 10:11:28'),(137,'OMORI OST - 123 Fermentation Disorientation','OMOCAT','Tvcl-_7S6fw','https://www.youtube.com/watch?v=Tvcl-_7S6fw&list=PLbANFjAlbtqLkcthrPJ7lqYcVTSwXr2L0','2023-11-29 10:11:28'),(138,'OMORI OST - 124 Flouring With You','OMOCAT','3YBe5w0gBTo','https://www.youtube.com/watch?v=3YBe5w0gBTo&list=PLbANFjAlbtqLkcthrPJ7lqYcVTSwXr2L0','2023-11-29 10:11:28'),(139,'OMORI OST - 125 BREADY STEADY GO','OMOCAT','QL_MA9kQ-0o','https://www.youtube.com/watch?v=QL_MA9kQ-0o&list=PLbANFjAlbtqLkcthrPJ7lqYcVTSwXr2L0','2023-11-29 10:11:28'),(140,'OMORI OST - 126 Recycling Really Is A Concept','OMOCAT','nlIMTln7ZGI','https://www.youtube.com/watch?v=nlIMTln7ZGI&list=PLbANFjAlbtqLkcthrPJ7lqYcVTSwXr2L0','2023-11-29 10:11:28'),(141,'OMORI OST - 127 Remember To Be Patient','OMOCAT','YD7Q2MoR_gY','https://www.youtube.com/watch?v=YD7Q2MoR_gY&list=PLbANFjAlbtqLkcthrPJ7lqYcVTSwXr2L0','2023-11-29 10:11:28'),(142,'OMORI OST - 128 Cold!','OMOCAT','I5M2H9QjNWk','https://www.youtube.com/watch?v=I5M2H9QjNWk&list=PLbANFjAlbtqLkcthrPJ7lqYcVTSwXr2L0','2023-11-29 10:11:28'),(143,'OMORI OST - 129 You Cannot Go Back','OMOCAT','Pe---DN2TmY','https://www.youtube.com/watch?v=Pe---DN2TmY&list=PLbANFjAlbtqLkcthrPJ7lqYcVTSwXr2L0','2023-11-29 10:11:28'),(144,'OMORI OST - 130 Tee-hee Time','OMOCAT','n9gm9lP_4Gk','https://www.youtube.com/watch?v=n9gm9lP_4Gk&list=PLbANFjAlbtqLkcthrPJ7lqYcVTSwXr2L0','2023-11-29 10:11:28'),(145,'OMORI OST - 131 Welcome Again.','OMOCAT','gAWLivIzTKc','https://www.youtube.com/watch?v=gAWLivIzTKc&list=PLbANFjAlbtqLkcthrPJ7lqYcVTSwXr2L0','2023-11-29 10:11:28'),(146,'OMORI OST - 132 Fleur','OMOCAT','_1hnWBULqR4','https://www.youtube.com/watch?v=_1hnWBULqR4&list=PLbANFjAlbtqLkcthrPJ7lqYcVTSwXr2L0','2023-11-29 10:11:28'),(147,'OMORI OST - 133 Distance','OMOCAT','0PzXw9b40P8','https://www.youtube.com/watch?v=0PzXw9b40P8&list=PLbANFjAlbtqLkcthrPJ7lqYcVTSwXr2L0','2023-11-29 10:11:28'),(148,'OMORI OST - 134 Drone','OMOCAT','O8tPpbqFwtI','https://www.youtube.com/watch?v=O8tPpbqFwtI&list=PLbANFjAlbtqLkcthrPJ7lqYcVTSwXr2L0','2023-11-29 10:11:28'),(149,'OMORI OST - 135 Calm','OMOCAT','Reo1K7xouBY','https://www.youtube.com/watch?v=Reo1K7xouBY&list=PLbANFjAlbtqLkcthrPJ7lqYcVTSwXr2L0','2023-11-29 10:11:28'),(150,'OMORI OST - 136 Glade','OMOCAT','8a8Ev1DmWVE','https://www.youtube.com/watch?v=8a8Ev1DmWVE&list=PLbANFjAlbtqLkcthrPJ7lqYcVTSwXr2L0','2023-11-29 10:11:28'),(151,'OMORI OST - 137 56-12-2','OMOCAT','RHraiUG3vFY','https://www.youtube.com/watch?v=RHraiUG3vFY&list=PLbANFjAlbtqLkcthrPJ7lqYcVTSwXr2L0','2023-11-29 10:11:28'),(152,'OMORI OST - 138 Bloom','OMOCAT','XNYJ73n5tf4','https://www.youtube.com/watch?v=XNYJ73n5tf4&list=PLbANFjAlbtqLkcthrPJ7lqYcVTSwXr2L0','2023-11-29 10:11:28'),(153,'OMORI OST - 139 August/Water','OMOCAT','OGwi7G59Lfc','https://www.youtube.com/watch?v=OGwi7G59Lfc&list=PLbANFjAlbtqLkcthrPJ7lqYcVTSwXr2L0','2023-11-29 10:11:28'),(154,'OMORI OST - 140 5ths','OMOCAT','wJ3lnnpJYdc','https://www.youtube.com/watch?v=wJ3lnnpJYdc&list=PLbANFjAlbtqLkcthrPJ7lqYcVTSwXr2L0','2023-11-29 10:11:28'),(155,'OMORI OST - 141 Waiting For...','OMOCAT','S0JCCYueIz0','https://www.youtube.com/watch?v=S0JCCYueIz0&list=PLbANFjAlbtqLkcthrPJ7lqYcVTSwXr2L0','2023-11-29 10:11:28'),(156,'OMORI OST - 142 Nawa','OMOCAT','0gkam5PYRbE','https://www.youtube.com/watch?v=0gkam5PYRbE&list=PLbANFjAlbtqLkcthrPJ7lqYcVTSwXr2L0','2023-11-29 10:11:28'),(157,'OMORI OST - 143 White Pillars','OMOCAT','daT8cW5Nv7A','https://www.youtube.com/watch?v=daT8cW5Nv7A&list=PLbANFjAlbtqLkcthrPJ7lqYcVTSwXr2L0','2023-11-29 10:11:28'),(158,'OMORI OST - 144 Come and See','OMOCAT','OCTYy4I54d8','https://www.youtube.com/watch?v=OCTYy4I54d8&list=PLbANFjAlbtqLkcthrPJ7lqYcVTSwXr2L0','2023-11-29 10:11:28'),(159,'OMORI OST - 145 Friends.','OMOCAT','FT4cMYqiOng','https://www.youtube.com/watch?v=FT4cMYqiOng&list=PLbANFjAlbtqLkcthrPJ7lqYcVTSwXr2L0','2023-11-29 10:11:28'),(160,'OMORI OST - 146 Friendsssssss.','OMOCAT','Ybn__4TMGYQ','https://www.youtube.com/watch?v=Ybn__4TMGYQ&list=PLbANFjAlbtqLkcthrPJ7lqYcVTSwXr2L0','2023-11-29 10:11:28'),(161,'OMORI OST - 147 Orchard','OMOCAT','g7lfPT4jNQQ','https://www.youtube.com/watch?v=g7lfPT4jNQQ&list=PLbANFjAlbtqLkcthrPJ7lqYcVTSwXr2L0','2023-11-29 10:11:28'),(162,'OMORI OST - 148 Temple','OMOCAT','wiGmzLwTy5o','https://www.youtube.com/watch?v=wiGmzLwTy5o&list=PLbANFjAlbtqLkcthrPJ7lqYcVTSwXr2L0','2023-11-29 10:11:28'),(163,'OMORI OST - 149 Look','OMOCAT','cxlHRb2JXPg','https://www.youtube.com/watch?v=cxlHRb2JXPg&list=PLbANFjAlbtqLkcthrPJ7lqYcVTSwXr2L0','2023-11-29 10:11:28'),(164,'OMORI OST - 150 Bad Morning','OMOCAT','yA9Tz50cx9Q','https://www.youtube.com/watch?v=yA9Tz50cx9Q&list=PLbANFjAlbtqLkcthrPJ7lqYcVTSwXr2L0','2023-11-29 10:11:28'),(165,'OMORI OST - 151 Listening','OMOCAT','OWrUZC__Tgc','https://www.youtube.com/watch?v=OWrUZC__Tgc&list=PLbANFjAlbtqLkcthrPJ7lqYcVTSwXr2L0','2023-11-29 10:11:28'),(166,'OMORI OST - 152 A Red Shape','OMOCAT','70UZAJALTzI','https://www.youtube.com/watch?v=70UZAJALTzI&list=PLbANFjAlbtqLkcthrPJ7lqYcVTSwXr2L0','2023-11-29 10:11:28'),(167,'OMORI OST - 153 Do You Remember?','OMOCAT','Y_iFVNQ_gKo','https://www.youtube.com/watch?v=Y_iFVNQ_gKo&list=PLbANFjAlbtqLkcthrPJ7lqYcVTSwXr2L0','2023-11-29 10:11:28'),(168,'OMORI OST - 154 Playing Forever','OMOCAT','M0WsQXD8788','https://www.youtube.com/watch?v=M0WsQXD8788&list=PLbANFjAlbtqLkcthrPJ7lqYcVTSwXr2L0','2023-11-29 10:11:28'),(169,'OMORI OST - 155 Treehouse - Here We Are, Together Again','OMOCAT','zABWPJlIdkU','https://www.youtube.com/watch?v=zABWPJlIdkU&list=PLbANFjAlbtqLkcthrPJ7lqYcVTSwXr2L0','2023-11-29 10:11:28'),(170,'OMORI OST - 156 Save','OMOCAT','4VzxGrNyl1U','https://www.youtube.com/watch?v=4VzxGrNyl1U&list=PLbANFjAlbtqLkcthrPJ7lqYcVTSwXr2L0','2023-11-29 10:11:28'),(171,'OMORI OST - 157 Something','OMOCAT','8k52DxtnNcA','https://www.youtube.com/watch?v=8k52DxtnNcA&list=PLbANFjAlbtqLkcthrPJ7lqYcVTSwXr2L0','2023-11-29 10:11:28'),(172,'OMORI OST - 158 A Home For Flowers (Daisy)','OMOCAT','9n6pcfsA3Yo','https://www.youtube.com/watch?v=9n6pcfsA3Yo&list=PLbANFjAlbtqLkcthrPJ7lqYcVTSwXr2L0','2023-11-29 10:11:28'),(173,'OMORI OST - 159 Remina','OMOCAT','BXgF3zixmd0','https://www.youtube.com/watch?v=BXgF3zixmd0&list=PLbANFjAlbtqLkcthrPJ7lqYcVTSwXr2L0','2023-11-29 10:11:28'),(174,'OMORI OST - 160 Normal.','OMOCAT','WvoeS1mJHqM','https://www.youtube.com/watch?v=WvoeS1mJHqM&list=PLbANFjAlbtqLkcthrPJ7lqYcVTSwXr2L0','2023-11-29 10:11:28'),(175,'OMORI OST - 161 Your Catastrophes','OMOCAT','WB5XqJJHzC8','https://www.youtube.com/watch?v=WB5XqJJHzC8&list=PLbANFjAlbtqLkcthrPJ7lqYcVTSwXr2L0','2023-11-29 10:11:28'),(176,'OMORI OST - 162 Your Catastrophes - Procession','OMOCAT','6rWV5JRd4zA','https://www.youtube.com/watch?v=6rWV5JRd4zA&list=PLbANFjAlbtqLkcthrPJ7lqYcVTSwXr2L0','2023-11-29 10:11:28'),(177,'OMORI OST - 163 Crossroads','OMOCAT','5s-1dej9Gsc','https://www.youtube.com/watch?v=5s-1dej9Gsc&list=PLbANFjAlbtqLkcthrPJ7lqYcVTSwXr2L0','2023-11-29 10:11:28'),(178,'OMORI OST - 164 The Violin','OMOCAT','SwTi6TAEE1A','https://www.youtube.com/watch?v=SwTi6TAEE1A&list=PLbANFjAlbtqLkcthrPJ7lqYcVTSwXr2L0','2023-11-29 10:11:28'),(179,'OMORI OST - 165 A Home For Flowers (Sunflower)','OMOCAT','v6ofxD4fLms','https://www.youtube.com/watch?v=v6ofxD4fLms&list=PLbANFjAlbtqLkcthrPJ7lqYcVTSwXr2L0','2023-11-29 10:11:28'),(180,'OMORI OST - 166 You Must Carry On.','OMOCAT','ewvhlYh9wC0','https://www.youtube.com/watch?v=ewvhlYh9wC0&list=PLbANFjAlbtqLkcthrPJ7lqYcVTSwXr2L0','2023-11-29 10:11:28'),(181,'OMORI OST - 167 Remembrance.','OMOCAT','4f1v9u2Jbg8','https://www.youtube.com/watch?v=4f1v9u2Jbg8&list=PLbANFjAlbtqLkcthrPJ7lqYcVTSwXr2L0','2023-11-29 10:11:28'),(182,'OMORI OST - 168 OMORI','OMOCAT','W766EABGHe8','https://www.youtube.com/watch?v=W766EABGHe8&list=PLbANFjAlbtqLkcthrPJ7lqYcVTSwXr2L0','2023-11-29 10:11:28'),(183,'OMORI OST - 169 OMORI - ALTER','OMOCAT','bKC8qqqLZ6A','https://www.youtube.com/watch?v=bKC8qqqLZ6A&list=PLbANFjAlbtqLkcthrPJ7lqYcVTSwXr2L0','2023-11-29 10:11:28'),(184,'OMORI OST - 170 Try Again Little Brother','OMOCAT','oIyRzl8zVWE','https://www.youtube.com/watch?v=oIyRzl8zVWE&list=PLbANFjAlbtqLkcthrPJ7lqYcVTSwXr2L0','2023-11-29 10:11:28'),(185,'OMORI OST - 171 Persevere','OMOCAT','-XqD227D_iw','https://www.youtube.com/watch?v=-XqD227D_iw&list=PLbANFjAlbtqLkcthrPJ7lqYcVTSwXr2L0','2023-11-29 10:11:28'),(186,'OMORI OST - 172 DUET','OMOCAT','ACon4txJiDA','https://www.youtube.com/watch?v=ACon4txJiDA&list=PLbANFjAlbtqLkcthrPJ7lqYcVTSwXr2L0','2023-11-29 10:11:28'),(187,'OMORI OST - 173 Gone','OMOCAT','Bv5XwI5O7BQ','https://www.youtube.com/watch?v=Bv5XwI5O7BQ&list=PLbANFjAlbtqLkcthrPJ7lqYcVTSwXr2L0','2023-11-29 10:11:28'),(188,'OMORI OST - 174 Wake Up','OMOCAT','VArqmDh2QpY','https://www.youtube.com/watch?v=VArqmDh2QpY&list=PLbANFjAlbtqLkcthrPJ7lqYcVTSwXr2L0','2023-11-29 10:11:28'),(189,'OMORI OST - 175 Clean Slate','OMOCAT','NDLuLmsnpHc','https://www.youtube.com/watch?v=NDLuLmsnpHc&list=PLbANFjAlbtqLkcthrPJ7lqYcVTSwXr2L0','2023-11-29 10:11:28'),(190,'OMORI OST - 176 The Truth','OMOCAT','iwFP8www2CY','https://www.youtube.com/watch?v=iwFP8www2CY&list=PLbANFjAlbtqLkcthrPJ7lqYcVTSwXr2L0','2023-11-29 10:11:28'),(191,'OMORI OST - 177 Good Morning','OMOCAT','1yIcUg5FyIs','https://www.youtube.com/watch?v=1yIcUg5FyIs&list=PLbANFjAlbtqLkcthrPJ7lqYcVTSwXr2L0','2023-11-29 10:11:28'),(192,'OMORI OST - 178 My Time','OMOCAT','mzgYj_qCHLg','https://www.youtube.com/watch?v=mzgYj_qCHLg&list=PLbANFjAlbtqLkcthrPJ7lqYcVTSwXr2L0','2023-11-29 10:11:28'),(193,'OMORI OST - 179 Fin','OMOCAT','sAFXxpAvA6o','https://www.youtube.com/watch?v=sAFXxpAvA6o&list=PLbANFjAlbtqLkcthrPJ7lqYcVTSwXr2L0','2023-11-29 10:11:28'),(194,'Undertale OST: 001 - Once Upon A Time','Misaki','s7RRgF5Ve_E','https://www.youtube.com/watch?v=s7RRgF5Ve_E&list=PLpJl5XaLHtLX-pDk4kctGxtF4nq6BIyjg','2023-11-29 10:31:31'),(195,'Undertale OST: 002 - Start Menu','Misaki','kRT9vY2f7tg','https://www.youtube.com/watch?v=kRT9vY2f7tg&list=PLpJl5XaLHtLX-pDk4kctGxtF4nq6BIyjg','2023-11-29 10:31:31'),(196,'Undertale OST: 003 - Your Best Friend','Misaki','83jGCWCcBzc','https://www.youtube.com/watch?v=83jGCWCcBzc&list=PLpJl5XaLHtLX-pDk4kctGxtF4nq6BIyjg','2023-11-29 10:31:31'),(197,'Undertale OST: 004 - Fallen Down','Misaki','B69GfSqEZEs','https://www.youtube.com/watch?v=B69GfSqEZEs&list=PLpJl5XaLHtLX-pDk4kctGxtF4nq6BIyjg','2023-11-29 10:31:31'),(198,'Undertale OST: 005 - Ruins','Misaki','QyPR77rg1to','https://www.youtube.com/watch?v=QyPR77rg1to&list=PLpJl5XaLHtLX-pDk4kctGxtF4nq6BIyjg','2023-11-29 10:31:31'),(199,'Undertale OST: 006 - Uwa!! So Temperate','Misaki','rHU4rpQUshg','https://www.youtube.com/watch?v=rHU4rpQUshg&list=PLpJl5XaLHtLX-pDk4kctGxtF4nq6BIyjg','2023-11-29 10:31:31'),(200,'Undertale OST: 007 - Anticipation','Misaki','t62zFJATVPM','https://www.youtube.com/watch?v=t62zFJATVPM&list=PLpJl5XaLHtLX-pDk4kctGxtF4nq6BIyjg','2023-11-29 10:31:31'),(201,'Undertale OST: 008 - Unnecessary Tension','Misaki','OSPbX0lkTmQ','https://www.youtube.com/watch?v=OSPbX0lkTmQ&list=PLpJl5XaLHtLX-pDk4kctGxtF4nq6BIyjg','2023-11-29 10:31:31'),(202,'Undertale OST: 009 - Enemy Approaching','Misaki','JRU6GnETSN4','https://www.youtube.com/watch?v=JRU6GnETSN4&list=PLpJl5XaLHtLX-pDk4kctGxtF4nq6BIyjg','2023-11-29 10:31:31'),(203,'Undertale OST: 010 - Ghost Fight','Misaki','Zz1bfhtKsHM','https://www.youtube.com/watch?v=Zz1bfhtKsHM&list=PLpJl5XaLHtLX-pDk4kctGxtF4nq6BIyjg','2023-11-29 10:31:31'),(204,'Undertale OST: 011 - Determination','Misaki','W1i4mTyidOc','https://www.youtube.com/watch?v=W1i4mTyidOc&list=PLpJl5XaLHtLX-pDk4kctGxtF4nq6BIyjg','2023-11-29 10:31:31'),(205,'Undertale OST: 012 - Home','Misaki','5_E_y1AWAfc','https://www.youtube.com/watch?v=5_E_y1AWAfc&list=PLpJl5XaLHtLX-pDk4kctGxtF4nq6BIyjg','2023-11-29 10:31:31'),(206,'Undertale OST: 013 - Home (Music Box)','Misaki','ANEsXjSiYxI','https://www.youtube.com/watch?v=ANEsXjSiYxI&list=PLpJl5XaLHtLX-pDk4kctGxtF4nq6BIyjg','2023-11-29 10:31:31'),(207,'Undertale OST: 014 - Heartache','Misaki','xflkF-sqNaM','https://www.youtube.com/watch?v=xflkF-sqNaM&list=PLpJl5XaLHtLX-pDk4kctGxtF4nq6BIyjg','2023-11-29 10:31:31'),(208,'Undertale OST: 015 - sans.','Misaki','Zzo6L3wsf8c','https://www.youtube.com/watch?v=Zzo6L3wsf8c&list=PLpJl5XaLHtLX-pDk4kctGxtF4nq6BIyjg','2023-11-29 10:31:31'),(209,'Undertale OST: 016 - Nyeh Heh Heh!','Misaki','FKdtstAo6iU','https://www.youtube.com/watch?v=FKdtstAo6iU&list=PLpJl5XaLHtLX-pDk4kctGxtF4nq6BIyjg','2023-11-29 10:31:31'),(210,'Undertale OST: 017 - Snowy','Misaki','8BIeGdBjJiU','https://www.youtube.com/watch?v=8BIeGdBjJiU&list=PLpJl5XaLHtLX-pDk4kctGxtF4nq6BIyjg','2023-11-29 10:31:31'),(211,'Undertale OST: 018 - Uwa!! So Holiday','Misaki','XnG7HG8bmkU','https://www.youtube.com/watch?v=XnG7HG8bmkU&list=PLpJl5XaLHtLX-pDk4kctGxtF4nq6BIyjg','2023-11-29 10:31:31'),(212,'Undertale OST: 019 - Dogbass','Misaki','a1OLiuNLpEs','https://www.youtube.com/watch?v=a1OLiuNLpEs&list=PLpJl5XaLHtLX-pDk4kctGxtF4nq6BIyjg','2023-11-29 10:31:31'),(213,'Undertale OST: 020 - Mysterious Place','Misaki','gC11HJ99Egs','https://www.youtube.com/watch?v=gC11HJ99Egs&list=PLpJl5XaLHtLX-pDk4kctGxtF4nq6BIyjg','2023-11-29 10:31:31'),(214,'Undertale OST: 021 - Dogsong','Misaki','woPff-Tpkns','https://www.youtube.com/watch?v=woPff-Tpkns&list=PLpJl5XaLHtLX-pDk4kctGxtF4nq6BIyjg','2023-11-29 10:31:31'),(215,'Undertale OST: 022 - Snowdin Town','Misaki','z6LmMCuGjfA','https://www.youtube.com/watch?v=z6LmMCuGjfA&list=PLpJl5XaLHtLX-pDk4kctGxtF4nq6BIyjg','2023-11-29 10:31:31'),(216,'Undertale OST: 023 - Shop','Misaki','jCQ_5Gj6jlg','https://www.youtube.com/watch?v=jCQ_5Gj6jlg&list=PLpJl5XaLHtLX-pDk4kctGxtF4nq6BIyjg','2023-11-29 10:31:31'),(217,'Undertale OST: 024 - Bonetrousle','Misaki','zdeZwAk6ULE','https://www.youtube.com/watch?v=zdeZwAk6ULE&list=PLpJl5XaLHtLX-pDk4kctGxtF4nq6BIyjg','2023-11-29 10:31:31'),(218,'Undertale OST: 025 - Dating Start!','Misaki','dtYwq4aBr0E','https://www.youtube.com/watch?v=dtYwq4aBr0E&list=PLpJl5XaLHtLX-pDk4kctGxtF4nq6BIyjg','2023-11-29 10:31:31'),(219,'Undertale OST: 026 - Dating Tense!','Misaki','ShK_Tj-Ee3Y','https://www.youtube.com/watch?v=ShK_Tj-Ee3Y&list=PLpJl5XaLHtLX-pDk4kctGxtF4nq6BIyjg','2023-11-29 10:31:31'),(220,'Undertale OST: 027 - Dating Fight!','Misaki','JQ8bpWkoC7A','https://www.youtube.com/watch?v=JQ8bpWkoC7A&list=PLpJl5XaLHtLX-pDk4kctGxtF4nq6BIyjg','2023-11-29 10:31:31'),(221,'Undertale OST: 028 - Premonition','Misaki','sQDiDDb1_9k','https://www.youtube.com/watch?v=sQDiDDb1_9k&list=PLpJl5XaLHtLX-pDk4kctGxtF4nq6BIyjg','2023-11-29 10:31:31'),(222,'Undertale OST: 029 - Danger Mystery','Misaki','FhpJN6Khesw','https://www.youtube.com/watch?v=FhpJN6Khesw&list=PLpJl5XaLHtLX-pDk4kctGxtF4nq6BIyjg','2023-11-29 10:31:31'),(223,'Undertale OST: 030 - Undyne','Misaki','VH6HIHmhvQU','https://www.youtube.com/watch?v=VH6HIHmhvQU&list=PLpJl5XaLHtLX-pDk4kctGxtF4nq6BIyjg','2023-11-29 10:31:31'),(224,'Undertale OST: 031 - Waterfall','Misaki','v712NiVK5uY','https://www.youtube.com/watch?v=v712NiVK5uY&list=PLpJl5XaLHtLX-pDk4kctGxtF4nq6BIyjg','2023-11-29 10:31:31'),(225,'Undertale OST: 032 - Run!','Misaki','PPapt88_3aU','https://www.youtube.com/watch?v=PPapt88_3aU&list=PLpJl5XaLHtLX-pDk4kctGxtF4nq6BIyjg','2023-11-29 10:31:31'),(226,'Undertale OST: 033 - Quiet Water','Misaki','AsvhQ-soLdg','https://www.youtube.com/watch?v=AsvhQ-soLdg&list=PLpJl5XaLHtLX-pDk4kctGxtF4nq6BIyjg','2023-11-29 10:31:31'),(227,'Undertale OST: 034 - Memory','Misaki','eijdNQMYikY','https://www.youtube.com/watch?v=eijdNQMYikY&list=PLpJl5XaLHtLX-pDk4kctGxtF4nq6BIyjg','2023-11-29 10:31:31'),(228,'Undertale OST: 035 - Bird That Carries You Over A Disproportionately Small Gap','Misaki','Z51lfE2k7jU','https://www.youtube.com/watch?v=Z51lfE2k7jU&list=PLpJl5XaLHtLX-pDk4kctGxtF4nq6BIyjg','2023-11-29 10:31:31'),(229,'Undertale OST: 036 - Dummy!','Misaki','N3epEVMNJdY','https://www.youtube.com/watch?v=N3epEVMNJdY&list=PLpJl5XaLHtLX-pDk4kctGxtF4nq6BIyjg','2023-11-29 10:31:31'),(230,'Undertale OST: 037 - Pathetic House','Misaki','nu_ruGyTNEs','https://www.youtube.com/watch?v=nu_ruGyTNEs&list=PLpJl5XaLHtLX-pDk4kctGxtF4nq6BIyjg','2023-11-29 10:31:31'),(231,'Undertale OST: 038 - Spooktune','Misaki','K1qjt_1geiI','https://www.youtube.com/watch?v=K1qjt_1geiI&list=PLpJl5XaLHtLX-pDk4kctGxtF4nq6BIyjg','2023-11-29 10:31:31'),(232,'Undertale OST: 039 - Spookwave','Misaki','o251comtNfk','https://www.youtube.com/watch?v=o251comtNfk&list=PLpJl5XaLHtLX-pDk4kctGxtF4nq6BIyjg','2023-11-29 10:31:31'),(233,'Undertale OST: 040 - Ghouliday','Misaki','lWP9s44i-YA','https://www.youtube.com/watch?v=lWP9s44i-YA&list=PLpJl5XaLHtLX-pDk4kctGxtF4nq6BIyjg','2023-11-29 10:31:31'),(234,'Undertale OST: 041 - Chill','Misaki','D4Ximn7nZdc','https://www.youtube.com/watch?v=D4Ximn7nZdc&list=PLpJl5XaLHtLX-pDk4kctGxtF4nq6BIyjg','2023-11-29 10:31:31'),(235,'Undertale OST: 042 - Thundersnail','Misaki','ewxyxByJPP0','https://www.youtube.com/watch?v=ewxyxByJPP0&list=PLpJl5XaLHtLX-pDk4kctGxtF4nq6BIyjg','2023-11-29 10:31:31'),(236,'Undertale OST: 043 - Temmie Village','Misaki','rNlyF43Te6U','https://www.youtube.com/watch?v=rNlyF43Te6U&list=PLpJl5XaLHtLX-pDk4kctGxtF4nq6BIyjg','2023-11-29 10:31:31'),(237,'Undertale OST: 044 - Tem Shop','Misaki','y_qHuDjE3CQ','https://www.youtube.com/watch?v=y_qHuDjE3CQ&list=PLpJl5XaLHtLX-pDk4kctGxtF4nq6BIyjg','2023-11-29 10:31:31'),(238,'Undertale OST: 045 - NGAHHH!!','Misaki','PLDyWLbuptQ','https://www.youtube.com/watch?v=PLDyWLbuptQ&list=PLpJl5XaLHtLX-pDk4kctGxtF4nq6BIyjg','2023-11-29 10:31:31'),(239,'Undertale OST: 046 - Spear of Justice','Misaki','qrBB3_rFPjg','https://www.youtube.com/watch?v=qrBB3_rFPjg&list=PLpJl5XaLHtLX-pDk4kctGxtF4nq6BIyjg','2023-11-29 10:31:31'),(240,'Undertale OST: 047 - Ooo','Misaki','vdE3R3BeH-I','https://www.youtube.com/watch?v=vdE3R3BeH-I&list=PLpJl5XaLHtLX-pDk4kctGxtF4nq6BIyjg','2023-11-29 10:31:31'),(241,'Undertale OST: 048 - Alphys','Misaki','xG2AtyD3elY','https://www.youtube.com/watch?v=xG2AtyD3elY&list=PLpJl5XaLHtLX-pDk4kctGxtF4nq6BIyjg','2023-11-29 10:31:31'),(242,'Undertale OST: 049 - It\'s Showtime!','Misaki','9uwEAugeH8w','https://www.youtube.com/watch?v=9uwEAugeH8w&list=PLpJl5XaLHtLX-pDk4kctGxtF4nq6BIyjg','2023-11-29 10:31:31'),(243,'Undertale OST: 050 - Metal Crusher','Misaki','P0PpyUsvT9w','https://www.youtube.com/watch?v=P0PpyUsvT9w&list=PLpJl5XaLHtLX-pDk4kctGxtF4nq6BIyjg','2023-11-29 10:31:31'),(244,'Undertale OST: 051 - Another Medium','Misaki','xLsuam9o9BA','https://www.youtube.com/watch?v=xLsuam9o9BA&list=PLpJl5XaLHtLX-pDk4kctGxtF4nq6BIyjg','2023-11-29 10:31:31'),(245,'Undertale OST: 052 - Uwa!! So HEATS!!?','Misaki','wyShNqRkQ1I','https://www.youtube.com/watch?v=wyShNqRkQ1I&list=PLpJl5XaLHtLX-pDk4kctGxtF4nq6BIyjg','2023-11-29 10:31:31'),(246,'Undertale OST: 053 - Stronger Monsters','Misaki','HnmHqWU0z5M','https://www.youtube.com/watch?v=HnmHqWU0z5M&list=PLpJl5XaLHtLX-pDk4kctGxtF4nq6BIyjg','2023-11-29 10:31:31'),(247,'Undertale OST: 054 - Hotel','Misaki','8wSYwqbp4S4','https://www.youtube.com/watch?v=8wSYwqbp4S4&list=PLpJl5XaLHtLX-pDk4kctGxtF4nq6BIyjg','2023-11-29 10:31:31'),(248,'Undertale OST: 055 - Can You Really Call This A Hotel I Didn\'t Receive A Mint On My Pillow','Misaki','wRUdj1WgwIE','https://www.youtube.com/watch?v=wRUdj1WgwIE&list=PLpJl5XaLHtLX-pDk4kctGxtF4nq6BIyjg','2023-11-29 10:31:31'),(249,'Undertale OST: 056 - Confession','Misaki','qzQyP99Q0pE','https://www.youtube.com/watch?v=qzQyP99Q0pE&list=PLpJl5XaLHtLX-pDk4kctGxtF4nq6BIyjg','2023-11-29 10:31:31'),(250,'Undertale OST: 057 - Live Report','Misaki','4oi_XcH2sAw','https://www.youtube.com/watch?v=4oi_XcH2sAw&list=PLpJl5XaLHtLX-pDk4kctGxtF4nq6BIyjg','2023-11-29 10:31:31'),(251,'Undertale OST: 058 - Death Report','Misaki','Z3ZULqzMutw','https://www.youtube.com/watch?v=Z3ZULqzMutw&list=PLpJl5XaLHtLX-pDk4kctGxtF4nq6BIyjg','2023-11-29 10:31:31'),(252,'Undertale OST: 059 - Spider Dance','Misaki','YZ3XjVVNagU','https://www.youtube.com/watch?v=YZ3XjVVNagU&list=PLpJl5XaLHtLX-pDk4kctGxtF4nq6BIyjg','2023-11-29 10:31:31'),(253,'Undertale OST: 060 - Wrong Enemy','Misaki','gTCSQevpuOg','https://www.youtube.com/watch?v=gTCSQevpuOg&list=PLpJl5XaLHtLX-pDk4kctGxtF4nq6BIyjg','2023-11-29 10:31:31'),(254,'Undertale OST: 061 - Oh! One True Love','Misaki','JlKHChbEcps','https://www.youtube.com/watch?v=JlKHChbEcps&list=PLpJl5XaLHtLX-pDk4kctGxtF4nq6BIyjg','2023-11-29 10:31:31'),(255,'Undertale OST: 062 - Oh! Dungeon','Misaki','5aRE_J4UvYM','https://www.youtube.com/watch?v=5aRE_J4UvYM&list=PLpJl5XaLHtLX-pDk4kctGxtF4nq6BIyjg','2023-11-29 10:31:31'),(256,'Undertale OST: 063 - It\'s Raining Somewhere Else','Misaki','zNd4apsr3WE','https://www.youtube.com/watch?v=zNd4apsr3WE&list=PLpJl5XaLHtLX-pDk4kctGxtF4nq6BIyjg','2023-11-29 10:31:31'),(257,'Undertale OST: 064 - CORE Approach','Misaki','qNi_6kXc2cc','https://www.youtube.com/watch?v=qNi_6kXc2cc&list=PLpJl5XaLHtLX-pDk4kctGxtF4nq6BIyjg','2023-11-29 10:31:31'),(258,'Undertale OST: 065 - CORE','Misaki','tDuEWw648jo','https://www.youtube.com/watch?v=tDuEWw648jo&list=PLpJl5XaLHtLX-pDk4kctGxtF4nq6BIyjg','2023-11-29 10:31:31'),(259,'Undertale OST: 066 - Last Episode!','Misaki','pzhYcYwg4vE','https://www.youtube.com/watch?v=pzhYcYwg4vE&list=PLpJl5XaLHtLX-pDk4kctGxtF4nq6BIyjg','2023-11-29 10:31:31'),(260,'Undertale OST: 067 - Oh My...','Misaki','r-IvDZ8Wljo','https://www.youtube.com/watch?v=r-IvDZ8Wljo&list=PLpJl5XaLHtLX-pDk4kctGxtF4nq6BIyjg','2023-11-29 10:31:31'),(261,'Undertale OST: 068 - Death by Glamour','Misaki','2TgO-tN5wAM','https://www.youtube.com/watch?v=2TgO-tN5wAM&list=PLpJl5XaLHtLX-pDk4kctGxtF4nq6BIyjg','2023-11-29 10:31:31'),(262,'Undertale OST: 069 - For the Fans','Misaki','6nOHNgotIPM','https://www.youtube.com/watch?v=6nOHNgotIPM&list=PLpJl5XaLHtLX-pDk4kctGxtF4nq6BIyjg','2023-11-29 10:31:31'),(263,'Undertale OST: 070 - Long Elevator','Misaki','XDQGK6ztbLs','https://www.youtube.com/watch?v=XDQGK6ztbLs&list=PLpJl5XaLHtLX-pDk4kctGxtF4nq6BIyjg','2023-11-29 10:31:31'),(264,'Undertale OST: 071 - Undertale','Misaki','EBhFHJMVfiI','https://www.youtube.com/watch?v=EBhFHJMVfiI&list=PLpJl5XaLHtLX-pDk4kctGxtF4nq6BIyjg','2023-11-29 10:31:31'),(265,'Undertale OST: 072 - Song That Might Play When You Fight Sans','Misaki','41YOknSl0zw','https://www.youtube.com/watch?v=41YOknSl0zw&list=PLpJl5XaLHtLX-pDk4kctGxtF4nq6BIyjg','2023-11-29 10:31:31'),(266,'Undertale OST: 073 - The Choice','Misaki','C4Wv5M9JPao','https://www.youtube.com/watch?v=C4Wv5M9JPao&list=PLpJl5XaLHtLX-pDk4kctGxtF4nq6BIyjg','2023-11-29 10:31:31'),(267,'Undertale OST: 074 - Small Shock','Misaki','EUJA3xRyVVM','https://www.youtube.com/watch?v=EUJA3xRyVVM&list=PLpJl5XaLHtLX-pDk4kctGxtF4nq6BIyjg','2023-11-29 10:31:31'),(268,'Undertale OST: 075 - Barrier','Misaki','nJfzf--xqeQ','https://www.youtube.com/watch?v=nJfzf--xqeQ&list=PLpJl5XaLHtLX-pDk4kctGxtF4nq6BIyjg','2023-11-29 10:31:31'),(269,'Undertale Ost: 076 - Bergentrckung','Misaki','YivzBeEwzWI','https://www.youtube.com/watch?v=YivzBeEwzWI&list=PLpJl5XaLHtLX-pDk4kctGxtF4nq6BIyjg','2023-11-29 10:31:31'),(270,'Undertale Ost: 077 - ASGORE','Misaki','hMa4hZQbrms','https://www.youtube.com/watch?v=hMa4hZQbrms&list=PLpJl5XaLHtLX-pDk4kctGxtF4nq6BIyjg','2023-11-29 10:31:31'),(271,'Undertale Ost: 078 - You Idiot','Misaki','eOqq5kNBVoM','https://www.youtube.com/watch?v=eOqq5kNBVoM&list=PLpJl5XaLHtLX-pDk4kctGxtF4nq6BIyjg','2023-11-29 10:31:31'),(272,'Undertale Ost: 079 - Your Best Nightmare','Misaki','eUcThHVbrXY','https://www.youtube.com/watch?v=eUcThHVbrXY&list=PLpJl5XaLHtLX-pDk4kctGxtF4nq6BIyjg','2023-11-29 10:31:31'),(273,'Undertale OST: 080 - Finale','Misaki','yWjavxcGfqM','https://www.youtube.com/watch?v=yWjavxcGfqM&list=PLpJl5XaLHtLX-pDk4kctGxtF4nq6BIyjg','2023-11-29 10:31:31'),(274,'Undertale OST: 081 - An Ending','Misaki','l3sJ79C1Zyo','https://www.youtube.com/watch?v=l3sJ79C1Zyo&list=PLpJl5XaLHtLX-pDk4kctGxtF4nq6BIyjg','2023-11-29 10:31:31'),(275,'Undertale OST: 082 - She\'s Playing Piano','Misaki','zEAN2dna9To','https://www.youtube.com/watch?v=zEAN2dna9To&list=PLpJl5XaLHtLX-pDk4kctGxtF4nq6BIyjg','2023-11-29 10:31:31'),(276,'Undertale OST: 083 - Here We Are','Misaki','y49b8aiQVBg','https://www.youtube.com/watch?v=y49b8aiQVBg&list=PLpJl5XaLHtLX-pDk4kctGxtF4nq6BIyjg','2023-11-29 10:31:31'),(277,'Undertale OST: 084 - Amalgam','Misaki','71u0i6J-Qes','https://www.youtube.com/watch?v=71u0i6J-Qes&list=PLpJl5XaLHtLX-pDk4kctGxtF4nq6BIyjg','2023-11-29 10:31:31'),(278,'Undertale OST: 085 - Fallen Down (Reprise)','Misaki','cGBMTAGzWPs','https://www.youtube.com/watch?v=cGBMTAGzWPs&list=PLpJl5XaLHtLX-pDk4kctGxtF4nq6BIyjg','2023-11-29 10:31:31'),(279,'Undertale Ost: 086 - Don\'t Give Up','Misaki','B4qdpiad_Q0','https://www.youtube.com/watch?v=B4qdpiad_Q0&list=PLpJl5XaLHtLX-pDk4kctGxtF4nq6BIyjg','2023-11-29 10:31:31'),(280,'Undertale Ost: 087 - Hopes and Dreams','Misaki','tz82xbLvK_k','https://www.youtube.com/watch?v=tz82xbLvK_k&list=PLpJl5XaLHtLX-pDk4kctGxtF4nq6BIyjg','2023-11-29 10:31:31'),(281,'Undertale Ost: 088 - Burn in Despair!','Misaki','pumVu-WWhKM','https://www.youtube.com/watch?v=pumVu-WWhKM&list=PLpJl5XaLHtLX-pDk4kctGxtF4nq6BIyjg','2023-11-29 10:31:31'),(282,'Undertale Ost: 089 - SAVE the World','Misaki','mZRP7nQkfrM','https://www.youtube.com/watch?v=mZRP7nQkfrM&list=PLpJl5XaLHtLX-pDk4kctGxtF4nq6BIyjg','2023-11-29 10:31:31'),(283,'Undertale OST: 090 - His Theme','Misaki','IkOK8tdEsFY','https://www.youtube.com/watch?v=IkOK8tdEsFY&list=PLpJl5XaLHtLX-pDk4kctGxtF4nq6BIyjg','2023-11-29 10:31:31'),(284,'Undertale OST: 091 - Final Power','Misaki','6nQbkE1DS0o','https://www.youtube.com/watch?v=6nQbkE1DS0o&list=PLpJl5XaLHtLX-pDk4kctGxtF4nq6BIyjg','2023-11-29 10:31:31'),(285,'Undertale OST: 092 - Reunited','Misaki','WgRfPc1lfJk','https://www.youtube.com/watch?v=WgRfPc1lfJk&list=PLpJl5XaLHtLX-pDk4kctGxtF4nq6BIyjg','2023-11-29 10:31:31'),(286,'Undertale OST: 093 - Menu (Full)','Misaki','brP9Q08kEfk','https://www.youtube.com/watch?v=brP9Q08kEfk&list=PLpJl5XaLHtLX-pDk4kctGxtF4nq6BIyjg','2023-11-29 10:31:31'),(287,'Undertale OST: 094 - Respite','Misaki','E-fyLcHg4iM','https://www.youtube.com/watch?v=E-fyLcHg4iM&list=PLpJl5XaLHtLX-pDk4kctGxtF4nq6BIyjg','2023-11-29 10:31:31'),(288,'Undertale OST: 095 - Bring It In, Guys!','Misaki','x_P5smsopK0','https://www.youtube.com/watch?v=x_P5smsopK0&list=PLpJl5XaLHtLX-pDk4kctGxtF4nq6BIyjg','2023-11-29 10:31:31'),(289,'Undertale Ost: 096 - Last Goodbye','Misaki','5P8V4mP5RLg','https://www.youtube.com/watch?v=5P8V4mP5RLg&list=PLpJl5XaLHtLX-pDk4kctGxtF4nq6BIyjg','2023-11-29 10:31:31'),(290,'Undertale Ost: 097 - But the Earth Refused to Die','Misaki','ML6OV8fG74w','https://www.youtube.com/watch?v=ML6OV8fG74w&list=PLpJl5XaLHtLX-pDk4kctGxtF4nq6BIyjg','2023-11-29 10:31:31'),(291,'Undertale Ost: 098 - Battle Against a True Hero','Misaki','aWBtpBwzzdM','https://www.youtube.com/watch?v=aWBtpBwzzdM&list=PLpJl5XaLHtLX-pDk4kctGxtF4nq6BIyjg','2023-11-29 10:31:31'),(292,'Undertale Ost: 099 - Power of -NEO-','Misaki','mwrUem9vM_A','https://www.youtube.com/watch?v=mwrUem9vM_A&list=PLpJl5XaLHtLX-pDk4kctGxtF4nq6BIyjg','2023-11-29 10:31:31'),(293,'Undertale OST: 100 - Megalovania','Misaki','c5daGZ96QGU','https://www.youtube.com/watch?v=c5daGZ96QGU&list=PLpJl5XaLHtLX-pDk4kctGxtF4nq6BIyjg','2023-11-29 10:31:31'),(294,'Undertale OST: 101 - Good Night','Misaki','BGpJrPY563A','https://www.youtube.com/watch?v=BGpJrPY563A&list=PLpJl5XaLHtLX-pDk4kctGxtF4nq6BIyjg','2023-11-29 10:31:32'),(295,'Beginning of Time','RobTopGames','-66Vk9FqgMU','https://www.youtube.com/watch?v=-66Vk9FqgMU&list=PLh2gj5iailFGXHpVmI-89aw4k9aNopL_y','2023-12-13 15:31:04'),(296,'Dimrain47 - At the Speed of Light','RobTopGames','1Zrq8FiKS6A','https://www.youtube.com/watch?v=1Zrq8FiKS6A&list=PLh2gj5iailFGXHpVmI-89aw4k9aNopL_y','2023-12-13 15:31:04'),(297,' (Death Moon)','RobTopGames','7E92JrNZqD4','https://www.youtube.com/watch?v=7E92JrNZqD4&list=PLh2gj5iailFGXHpVmI-89aw4k9aNopL_y','2023-12-13 15:31:04'),(298,'Xtrullor - Supernova','RobTopGames','5WXyCJ1w3Ks','https://www.youtube.com/watch?v=5WXyCJ1w3Ks&list=PLh2gj5iailFGXHpVmI-89aw4k9aNopL_y','2023-12-13 15:31:04'),(299,'ColBreakz - 2011','RobTopGames','GcopfMYIApQ','https://www.youtube.com/watch?v=GcopfMYIApQ&list=PLh2gj5iailFGXHpVmI-89aw4k9aNopL_y','2023-12-13 15:31:04'),(300,'Creo - Crazy','RobTopGames','IDaP8LeYsrk','https://www.youtube.com/watch?v=IDaP8LeYsrk&list=PLh2gj5iailFGXHpVmI-89aw4k9aNopL_y','2023-12-13 15:31:04'),(301,'Endgame','RobTopGames','lrpS69H1RRU','https://www.youtube.com/watch?v=lrpS69H1RRU&list=PLh2gj5iailFGXHpVmI-89aw4k9aNopL_y','2023-12-13 15:31:04'),(302,'Golden Haze','RobTopGames','Kp_9z_eaYlI','https://www.youtube.com/watch?v=Kp_9z_eaYlI&list=PLh2gj5iailFGXHpVmI-89aw4k9aNopL_y','2023-12-13 15:31:04'),(303,'TheFatRat - Xenogenesis (Outro Song)','RobTopGames','2Ax_EIb1zks','https://www.youtube.com/watch?v=2Ax_EIb1zks&list=PLh2gj5iailFGXHpVmI-89aw4k9aNopL_y','2023-12-13 15:31:04'),(304,'Promises','RobTopGames','hcX4hD_ebv0','https://www.youtube.com/watch?v=hcX4hD_ebv0&list=PLh2gj5iailFGXHpVmI-89aw4k9aNopL_y','2023-12-13 15:31:04'),(305,'Thumper [Breakbeat Music]','RobTopGames','Rge_r3Eri0Q','https://www.youtube.com/watch?v=Rge_r3Eri0Q&list=PLh2gj5iailFGXHpVmI-89aw4k9aNopL_y','2023-12-13 15:31:04'),(306,'Bossfight - Okiba Crackdown','RobTopGames','PgFWP391ZOs','https://www.youtube.com/watch?v=PgFWP391ZOs&list=PLh2gj5iailFGXHpVmI-89aw4k9aNopL_y','2023-12-13 15:31:04'),(307,'garlagan - Holography','RobTopGames','o633-GGH8nA','https://www.youtube.com/watch?v=o633-GGH8nA&list=PLh2gj5iailFGXHpVmI-89aw4k9aNopL_y','2023-12-13 15:31:04'),(308,'TheFatRat - Unity','RobTopGames','n8X9_MgEdCg','https://www.youtube.com/watch?v=n8X9_MgEdCg&list=PLh2gj5iailFGXHpVmI-89aw4k9aNopL_y','2023-12-13 15:31:04'),(309,'Hinkik - Time Leaper','RobTopGames','nMbx8EurE0g','https://www.youtube.com/watch?v=nMbx8EurE0g&list=PLh2gj5iailFGXHpVmI-89aw4k9aNopL_y','2023-12-13 15:31:04'),(310,'Panda Eyes - Colorblind','RobTopGames','-iwYHk_SwNA','https://www.youtube.com/watch?v=-iwYHk_SwNA&list=PLh2gj5iailFGXHpVmI-89aw4k9aNopL_y','2023-12-13 15:31:04'),(311,'Dimrain47 - The Falling Mysts','RobTopGames','9wNXRkmgd9w','https://www.youtube.com/watch?v=9wNXRkmgd9w&list=PLh2gj5iailFGXHpVmI-89aw4k9aNopL_y','2023-12-13 15:31:04'),(312,'F-777 - 1. Space Battle (Ludicrous Speed Album)','RobTopGames','aZ5rMQIu1gc','https://www.youtube.com/watch?v=aZ5rMQIu1gc&list=PLh2gj5iailFGXHpVmI-89aw4k9aNopL_y','2023-12-13 15:31:04'),(313,'Xtrullor - Ichor','RobTopGames','DBu1__I_2pY','https://www.youtube.com/watch?v=DBu1__I_2pY&list=PLh2gj5iailFGXHpVmI-89aw4k9aNopL_y','2023-12-13 15:31:04'),(314,'Creo - Exoplanet','RobTopGames','1woPDMfSlsg','https://www.youtube.com/watch?v=1woPDMfSlsg&list=PLh2gj5iailFGXHpVmI-89aw4k9aNopL_y','2023-12-13 15:31:04'),(315,'F-777 - Ludicrous Speed (Insanely Fast Techno)','RobTopGames','cLNjP1vkyYU','https://www.youtube.com/watch?v=cLNjP1vkyYU&list=PLh2gj5iailFGXHpVmI-89aw4k9aNopL_y','2023-12-13 15:31:04'),(316,'[Electro] Kaixo - Troglodyte (Original Mix)','RobTopGames','ZDuiN79OXew','https://www.youtube.com/watch?v=ZDuiN79OXew&list=PLh2gj5iailFGXHpVmI-89aw4k9aNopL_y','2023-12-13 15:31:04'),(317,'Derpcat - Something Different (feat. Talurre)','RobTopGames','5zOXXYD4Wa4','https://www.youtube.com/watch?v=5zOXXYD4Wa4&list=PLh2gj5iailFGXHpVmI-89aw4k9aNopL_y','2023-12-13 15:31:04'),(318,'Creo - Sphere','RobTopGames','0ZUoFPLlVQU','https://www.youtube.com/watch?v=0ZUoFPLlVQU&list=PLh2gj5iailFGXHpVmI-89aw4k9aNopL_y','2023-12-13 15:31:04'),(319,'NIGHTkilla - Nine Circles','RobTopGames','2ftEN3CzbuE','https://www.youtube.com/watch?v=2ftEN3CzbuE&list=PLh2gj5iailFGXHpVmI-89aw4k9aNopL_y','2023-12-13 15:31:04'),(320,'F-777 - Sonic Blaster (4th track from \"Let\'s Freaking Party\" album)','RobTopGames','IvYD-HLAl8E','https://www.youtube.com/watch?v=IvYD-HLAl8E&list=PLh2gj5iailFGXHpVmI-89aw4k9aNopL_y','2023-12-13 15:31:04'),(321,'Creo - Dimension','RobTopGames','MrD05HVGVIQ','https://www.youtube.com/watch?v=MrD05HVGVIQ&list=PLh2gj5iailFGXHpVmI-89aw4k9aNopL_y','2023-12-13 15:31:04'),(322,'Lchavasse - Lunar Abyss','RobTopGames','F_TV4vZRSE8','https://www.youtube.com/watch?v=F_TV4vZRSE8&list=PLh2gj5iailFGXHpVmI-89aw4k9aNopL_y','2023-12-13 15:31:04'),(323,'Beethoven - Moonlight Sonata 3rd Movement (meganeko Remix)','RobTopGames','j9-0GHeHV7c','https://www.youtube.com/watch?v=j9-0GHeHV7c&list=PLh2gj5iailFGXHpVmI-89aw4k9aNopL_y','2023-12-13 15:31:04'),(324,'KLYDIX - Dream Flower ()','RobTopGames','GP4Lw1noiZA','https://www.youtube.com/watch?v=GP4Lw1noiZA&list=PLh2gj5iailFGXHpVmI-89aw4k9aNopL_y','2023-12-13 15:31:04'),(325,'Beginning of Time','RobTopGames','-66Vk9FqgMU','https://www.youtube.com/watch?v=-66Vk9FqgMU&list=PLh2gj5iailFGXHpVmI-89aw4k9aNopL_y','2023-12-13 15:33:50'),(326,'Dimrain47 - At the Speed of Light','RobTopGames','1Zrq8FiKS6A','https://www.youtube.com/watch?v=1Zrq8FiKS6A&list=PLh2gj5iailFGXHpVmI-89aw4k9aNopL_y','2023-12-13 15:33:50'),(327,' (Death Moon)','RobTopGames','7E92JrNZqD4','https://www.youtube.com/watch?v=7E92JrNZqD4&list=PLh2gj5iailFGXHpVmI-89aw4k9aNopL_y','2023-12-13 15:33:50'),(328,'Xtrullor - Supernova','RobTopGames','5WXyCJ1w3Ks','https://www.youtube.com/watch?v=5WXyCJ1w3Ks&list=PLh2gj5iailFGXHpVmI-89aw4k9aNopL_y','2023-12-13 15:33:50'),(329,'ColBreakz - 2011','RobTopGames','GcopfMYIApQ','https://www.youtube.com/watch?v=GcopfMYIApQ&list=PLh2gj5iailFGXHpVmI-89aw4k9aNopL_y','2023-12-13 15:33:50'),(330,'Creo - Crazy','RobTopGames','IDaP8LeYsrk','https://www.youtube.com/watch?v=IDaP8LeYsrk&list=PLh2gj5iailFGXHpVmI-89aw4k9aNopL_y','2023-12-13 15:33:50'),(331,'Endgame','RobTopGames','lrpS69H1RRU','https://www.youtube.com/watch?v=lrpS69H1RRU&list=PLh2gj5iailFGXHpVmI-89aw4k9aNopL_y','2023-12-13 15:33:50'),(332,'Golden Haze','RobTopGames','Kp_9z_eaYlI','https://www.youtube.com/watch?v=Kp_9z_eaYlI&list=PLh2gj5iailFGXHpVmI-89aw4k9aNopL_y','2023-12-13 15:33:50'),(333,'TheFatRat - Xenogenesis (Outro Song)','RobTopGames','2Ax_EIb1zks','https://www.youtube.com/watch?v=2Ax_EIb1zks&list=PLh2gj5iailFGXHpVmI-89aw4k9aNopL_y','2023-12-13 15:33:50'),(334,'Promises','RobTopGames','hcX4hD_ebv0','https://www.youtube.com/watch?v=hcX4hD_ebv0&list=PLh2gj5iailFGXHpVmI-89aw4k9aNopL_y','2023-12-13 15:33:50'),(335,'Thumper [Breakbeat Music]','RobTopGames','Rge_r3Eri0Q','https://www.youtube.com/watch?v=Rge_r3Eri0Q&list=PLh2gj5iailFGXHpVmI-89aw4k9aNopL_y','2023-12-13 15:33:50'),(336,'Bossfight - Okiba Crackdown','RobTopGames','PgFWP391ZOs','https://www.youtube.com/watch?v=PgFWP391ZOs&list=PLh2gj5iailFGXHpVmI-89aw4k9aNopL_y','2023-12-13 15:33:50'),(337,'garlagan - Holography','RobTopGames','o633-GGH8nA','https://www.youtube.com/watch?v=o633-GGH8nA&list=PLh2gj5iailFGXHpVmI-89aw4k9aNopL_y','2023-12-13 15:33:50'),(338,'TheFatRat - Unity','RobTopGames','n8X9_MgEdCg','https://www.youtube.com/watch?v=n8X9_MgEdCg&list=PLh2gj5iailFGXHpVmI-89aw4k9aNopL_y','2023-12-13 15:33:50'),(339,'Hinkik - Time Leaper','RobTopGames','nMbx8EurE0g','https://www.youtube.com/watch?v=nMbx8EurE0g&list=PLh2gj5iailFGXHpVmI-89aw4k9aNopL_y','2023-12-13 15:33:50'),(340,'Panda Eyes - Colorblind','RobTopGames','-iwYHk_SwNA','https://www.youtube.com/watch?v=-iwYHk_SwNA&list=PLh2gj5iailFGXHpVmI-89aw4k9aNopL_y','2023-12-13 15:33:50'),(341,'Dimrain47 - The Falling Mysts','RobTopGames','9wNXRkmgd9w','https://www.youtube.com/watch?v=9wNXRkmgd9w&list=PLh2gj5iailFGXHpVmI-89aw4k9aNopL_y','2023-12-13 15:33:50'),(342,'F-777 - 1. Space Battle (Ludicrous Speed Album)','RobTopGames','aZ5rMQIu1gc','https://www.youtube.com/watch?v=aZ5rMQIu1gc&list=PLh2gj5iailFGXHpVmI-89aw4k9aNopL_y','2023-12-13 15:33:50'),(343,'Xtrullor - Ichor','RobTopGames','DBu1__I_2pY','https://www.youtube.com/watch?v=DBu1__I_2pY&list=PLh2gj5iailFGXHpVmI-89aw4k9aNopL_y','2023-12-13 15:33:50'),(344,'Creo - Exoplanet','RobTopGames','1woPDMfSlsg','https://www.youtube.com/watch?v=1woPDMfSlsg&list=PLh2gj5iailFGXHpVmI-89aw4k9aNopL_y','2023-12-13 15:33:50'),(345,'F-777 - Ludicrous Speed (Insanely Fast Techno)','RobTopGames','cLNjP1vkyYU','https://www.youtube.com/watch?v=cLNjP1vkyYU&list=PLh2gj5iailFGXHpVmI-89aw4k9aNopL_y','2023-12-13 15:33:50'),(346,'[Electro] Kaixo - Troglodyte (Original Mix)','RobTopGames','ZDuiN79OXew','https://www.youtube.com/watch?v=ZDuiN79OXew&list=PLh2gj5iailFGXHpVmI-89aw4k9aNopL_y','2023-12-13 15:33:50'),(347,'Derpcat - Something Different (feat. Talurre)','RobTopGames','5zOXXYD4Wa4','https://www.youtube.com/watch?v=5zOXXYD4Wa4&list=PLh2gj5iailFGXHpVmI-89aw4k9aNopL_y','2023-12-13 15:33:50'),(348,'Creo - Sphere','RobTopGames','0ZUoFPLlVQU','https://www.youtube.com/watch?v=0ZUoFPLlVQU&list=PLh2gj5iailFGXHpVmI-89aw4k9aNopL_y','2023-12-13 15:33:50'),(349,'NIGHTkilla - Nine Circles','RobTopGames','2ftEN3CzbuE','https://www.youtube.com/watch?v=2ftEN3CzbuE&list=PLh2gj5iailFGXHpVmI-89aw4k9aNopL_y','2023-12-13 15:33:50'),(350,'F-777 - Sonic Blaster (4th track from \"Let\'s Freaking Party\" album)','RobTopGames','IvYD-HLAl8E','https://www.youtube.com/watch?v=IvYD-HLAl8E&list=PLh2gj5iailFGXHpVmI-89aw4k9aNopL_y','2023-12-13 15:33:50'),(351,'Creo - Dimension','RobTopGames','MrD05HVGVIQ','https://www.youtube.com/watch?v=MrD05HVGVIQ&list=PLh2gj5iailFGXHpVmI-89aw4k9aNopL_y','2023-12-13 15:33:50'),(352,'Lchavasse - Lunar Abyss','RobTopGames','F_TV4vZRSE8','https://www.youtube.com/watch?v=F_TV4vZRSE8&list=PLh2gj5iailFGXHpVmI-89aw4k9aNopL_y','2023-12-13 15:33:50'),(353,'Beethoven - Moonlight Sonata 3rd Movement (meganeko Remix)','RobTopGames','j9-0GHeHV7c','https://www.youtube.com/watch?v=j9-0GHeHV7c&list=PLh2gj5iailFGXHpVmI-89aw4k9aNopL_y','2023-12-13 15:33:50'),(354,'KLYDIX - Dream Flower ()','RobTopGames','GP4Lw1noiZA','https://www.youtube.com/watch?v=GP4Lw1noiZA&list=PLh2gj5iailFGXHpVmI-89aw4k9aNopL_y','2023-12-13 15:33:50'),(355,'Beginning of Time','RobTopGames','-66Vk9FqgMU','https://www.youtube.com/watch?v=-66Vk9FqgMU&list=PLh2gj5iailFGXHpVmI-89aw4k9aNopL_y','2023-12-13 16:00:45'),(356,'Dimrain47 - At the Speed of Light','RobTopGames','1Zrq8FiKS6A','https://www.youtube.com/watch?v=1Zrq8FiKS6A&list=PLh2gj5iailFGXHpVmI-89aw4k9aNopL_y','2023-12-13 16:00:45'),(357,' (Death Moon)','RobTopGames','7E92JrNZqD4','https://www.youtube.com/watch?v=7E92JrNZqD4&list=PLh2gj5iailFGXHpVmI-89aw4k9aNopL_y','2023-12-13 16:00:45'),(358,'Xtrullor - Supernova','RobTopGames','5WXyCJ1w3Ks','https://www.youtube.com/watch?v=5WXyCJ1w3Ks&list=PLh2gj5iailFGXHpVmI-89aw4k9aNopL_y','2023-12-13 16:00:45'),(359,'ColBreakz - 2011','RobTopGames','GcopfMYIApQ','https://www.youtube.com/watch?v=GcopfMYIApQ&list=PLh2gj5iailFGXHpVmI-89aw4k9aNopL_y','2023-12-13 16:00:45'),(360,'Creo - Crazy','RobTopGames','IDaP8LeYsrk','https://www.youtube.com/watch?v=IDaP8LeYsrk&list=PLh2gj5iailFGXHpVmI-89aw4k9aNopL_y','2023-12-13 16:00:45'),(361,'Endgame','RobTopGames','lrpS69H1RRU','https://www.youtube.com/watch?v=lrpS69H1RRU&list=PLh2gj5iailFGXHpVmI-89aw4k9aNopL_y','2023-12-13 16:00:45'),(362,'Golden Haze','RobTopGames','Kp_9z_eaYlI','https://www.youtube.com/watch?v=Kp_9z_eaYlI&list=PLh2gj5iailFGXHpVmI-89aw4k9aNopL_y','2023-12-13 16:00:45'),(363,'TheFatRat - Xenogenesis (Outro Song)','RobTopGames','2Ax_EIb1zks','https://www.youtube.com/watch?v=2Ax_EIb1zks&list=PLh2gj5iailFGXHpVmI-89aw4k9aNopL_y','2023-12-13 16:00:45'),(364,'Promises','RobTopGames','hcX4hD_ebv0','https://www.youtube.com/watch?v=hcX4hD_ebv0&list=PLh2gj5iailFGXHpVmI-89aw4k9aNopL_y','2023-12-13 16:00:45'),(365,'Thumper [Breakbeat Music]','RobTopGames','Rge_r3Eri0Q','https://www.youtube.com/watch?v=Rge_r3Eri0Q&list=PLh2gj5iailFGXHpVmI-89aw4k9aNopL_y','2023-12-13 16:00:45'),(366,'Bossfight - Okiba Crackdown','RobTopGames','PgFWP391ZOs','https://www.youtube.com/watch?v=PgFWP391ZOs&list=PLh2gj5iailFGXHpVmI-89aw4k9aNopL_y','2023-12-13 16:00:45'),(367,'garlagan - Holography','RobTopGames','o633-GGH8nA','https://www.youtube.com/watch?v=o633-GGH8nA&list=PLh2gj5iailFGXHpVmI-89aw4k9aNopL_y','2023-12-13 16:00:45'),(368,'TheFatRat - Unity','RobTopGames','n8X9_MgEdCg','https://www.youtube.com/watch?v=n8X9_MgEdCg&list=PLh2gj5iailFGXHpVmI-89aw4k9aNopL_y','2023-12-13 16:00:45'),(369,'Hinkik - Time Leaper','RobTopGames','nMbx8EurE0g','https://www.youtube.com/watch?v=nMbx8EurE0g&list=PLh2gj5iailFGXHpVmI-89aw4k9aNopL_y','2023-12-13 16:00:45'),(370,'Panda Eyes - Colorblind','RobTopGames','-iwYHk_SwNA','https://www.youtube.com/watch?v=-iwYHk_SwNA&list=PLh2gj5iailFGXHpVmI-89aw4k9aNopL_y','2023-12-13 16:00:45'),(371,'Dimrain47 - The Falling Mysts','RobTopGames','9wNXRkmgd9w','https://www.youtube.com/watch?v=9wNXRkmgd9w&list=PLh2gj5iailFGXHpVmI-89aw4k9aNopL_y','2023-12-13 16:00:45'),(372,'F-777 - 1. Space Battle (Ludicrous Speed Album)','RobTopGames','aZ5rMQIu1gc','https://www.youtube.com/watch?v=aZ5rMQIu1gc&list=PLh2gj5iailFGXHpVmI-89aw4k9aNopL_y','2023-12-13 16:00:45'),(373,'Xtrullor - Ichor','RobTopGames','DBu1__I_2pY','https://www.youtube.com/watch?v=DBu1__I_2pY&list=PLh2gj5iailFGXHpVmI-89aw4k9aNopL_y','2023-12-13 16:00:45'),(374,'Creo - Exoplanet','RobTopGames','1woPDMfSlsg','https://www.youtube.com/watch?v=1woPDMfSlsg&list=PLh2gj5iailFGXHpVmI-89aw4k9aNopL_y','2023-12-13 16:00:45'),(375,'F-777 - Ludicrous Speed (Insanely Fast Techno)','RobTopGames','cLNjP1vkyYU','https://www.youtube.com/watch?v=cLNjP1vkyYU&list=PLh2gj5iailFGXHpVmI-89aw4k9aNopL_y','2023-12-13 16:00:45'),(376,'[Electro] Kaixo - Troglodyte (Original Mix)','RobTopGames','ZDuiN79OXew','https://www.youtube.com/watch?v=ZDuiN79OXew&list=PLh2gj5iailFGXHpVmI-89aw4k9aNopL_y','2023-12-13 16:00:45'),(377,'Derpcat - Something Different (feat. Talurre)','RobTopGames','5zOXXYD4Wa4','https://www.youtube.com/watch?v=5zOXXYD4Wa4&list=PLh2gj5iailFGXHpVmI-89aw4k9aNopL_y','2023-12-13 16:00:45'),(378,'Creo - Sphere','RobTopGames','0ZUoFPLlVQU','https://www.youtube.com/watch?v=0ZUoFPLlVQU&list=PLh2gj5iailFGXHpVmI-89aw4k9aNopL_y','2023-12-13 16:00:45'),(379,'NIGHTkilla - Nine Circles','RobTopGames','2ftEN3CzbuE','https://www.youtube.com/watch?v=2ftEN3CzbuE&list=PLh2gj5iailFGXHpVmI-89aw4k9aNopL_y','2023-12-13 16:00:45'),(380,'F-777 - Sonic Blaster (4th track from \"Let\'s Freaking Party\" album)','RobTopGames','IvYD-HLAl8E','https://www.youtube.com/watch?v=IvYD-HLAl8E&list=PLh2gj5iailFGXHpVmI-89aw4k9aNopL_y','2023-12-13 16:00:45'),(381,'Creo - Dimension','RobTopGames','MrD05HVGVIQ','https://www.youtube.com/watch?v=MrD05HVGVIQ&list=PLh2gj5iailFGXHpVmI-89aw4k9aNopL_y','2023-12-13 16:00:45'),(382,'Lchavasse - Lunar Abyss','RobTopGames','F_TV4vZRSE8','https://www.youtube.com/watch?v=F_TV4vZRSE8&list=PLh2gj5iailFGXHpVmI-89aw4k9aNopL_y','2023-12-13 16:00:45'),(383,'Beethoven - Moonlight Sonata 3rd Movement (meganeko Remix)','RobTopGames','j9-0GHeHV7c','https://www.youtube.com/watch?v=j9-0GHeHV7c&list=PLh2gj5iailFGXHpVmI-89aw4k9aNopL_y','2023-12-13 16:00:45'),(384,'KLYDIX - Dream Flower ()','RobTopGames','GP4Lw1noiZA','https://www.youtube.com/watch?v=GP4Lw1noiZA&list=PLh2gj5iailFGXHpVmI-89aw4k9aNopL_y','2023-12-13 16:00:45'),(385,'Beginning of Time','RobTopGames','-66Vk9FqgMU','https://www.youtube.com/watch?v=-66Vk9FqgMU&list=PLh2gj5iailFGXHpVmI-89aw4k9aNopL_y','2023-12-13 16:07:12'),(386,'Dimrain47 - At the Speed of Light','RobTopGames','1Zrq8FiKS6A','https://www.youtube.com/watch?v=1Zrq8FiKS6A&list=PLh2gj5iailFGXHpVmI-89aw4k9aNopL_y','2023-12-13 16:07:12'),(387,' (Death Moon)','RobTopGames','7E92JrNZqD4','https://www.youtube.com/watch?v=7E92JrNZqD4&list=PLh2gj5iailFGXHpVmI-89aw4k9aNopL_y','2023-12-13 16:07:12'),(388,'Xtrullor - Supernova','RobTopGames','5WXyCJ1w3Ks','https://www.youtube.com/watch?v=5WXyCJ1w3Ks&list=PLh2gj5iailFGXHpVmI-89aw4k9aNopL_y','2023-12-13 16:07:12'),(389,'ColBreakz - 2011','RobTopGames','GcopfMYIApQ','https://www.youtube.com/watch?v=GcopfMYIApQ&list=PLh2gj5iailFGXHpVmI-89aw4k9aNopL_y','2023-12-13 16:07:12'),(390,'Creo - Crazy','RobTopGames','IDaP8LeYsrk','https://www.youtube.com/watch?v=IDaP8LeYsrk&list=PLh2gj5iailFGXHpVmI-89aw4k9aNopL_y','2023-12-13 16:07:12'),(391,'Endgame','RobTopGames','lrpS69H1RRU','https://www.youtube.com/watch?v=lrpS69H1RRU&list=PLh2gj5iailFGXHpVmI-89aw4k9aNopL_y','2023-12-13 16:07:12'),(392,'Golden Haze','RobTopGames','Kp_9z_eaYlI','https://www.youtube.com/watch?v=Kp_9z_eaYlI&list=PLh2gj5iailFGXHpVmI-89aw4k9aNopL_y','2023-12-13 16:07:12'),(393,'TheFatRat - Xenogenesis (Outro Song)','RobTopGames','2Ax_EIb1zks','https://www.youtube.com/watch?v=2Ax_EIb1zks&list=PLh2gj5iailFGXHpVmI-89aw4k9aNopL_y','2023-12-13 16:07:12'),(394,'Promises','RobTopGames','hcX4hD_ebv0','https://www.youtube.com/watch?v=hcX4hD_ebv0&list=PLh2gj5iailFGXHpVmI-89aw4k9aNopL_y','2023-12-13 16:07:12'),(395,'Thumper [Breakbeat Music]','RobTopGames','Rge_r3Eri0Q','https://www.youtube.com/watch?v=Rge_r3Eri0Q&list=PLh2gj5iailFGXHpVmI-89aw4k9aNopL_y','2023-12-13 16:07:12'),(396,'Bossfight - Okiba Crackdown','RobTopGames','PgFWP391ZOs','https://www.youtube.com/watch?v=PgFWP391ZOs&list=PLh2gj5iailFGXHpVmI-89aw4k9aNopL_y','2023-12-13 16:07:12'),(397,'garlagan - Holography','RobTopGames','o633-GGH8nA','https://www.youtube.com/watch?v=o633-GGH8nA&list=PLh2gj5iailFGXHpVmI-89aw4k9aNopL_y','2023-12-13 16:07:12'),(398,'TheFatRat - Unity','RobTopGames','n8X9_MgEdCg','https://www.youtube.com/watch?v=n8X9_MgEdCg&list=PLh2gj5iailFGXHpVmI-89aw4k9aNopL_y','2023-12-13 16:07:12'),(399,'Hinkik - Time Leaper','RobTopGames','nMbx8EurE0g','https://www.youtube.com/watch?v=nMbx8EurE0g&list=PLh2gj5iailFGXHpVmI-89aw4k9aNopL_y','2023-12-13 16:07:12'),(400,'Panda Eyes - Colorblind','RobTopGames','-iwYHk_SwNA','https://www.youtube.com/watch?v=-iwYHk_SwNA&list=PLh2gj5iailFGXHpVmI-89aw4k9aNopL_y','2023-12-13 16:07:12'),(401,'Dimrain47 - The Falling Mysts','RobTopGames','9wNXRkmgd9w','https://www.youtube.com/watch?v=9wNXRkmgd9w&list=PLh2gj5iailFGXHpVmI-89aw4k9aNopL_y','2023-12-13 16:07:12'),(402,'F-777 - 1. Space Battle (Ludicrous Speed Album)','RobTopGames','aZ5rMQIu1gc','https://www.youtube.com/watch?v=aZ5rMQIu1gc&list=PLh2gj5iailFGXHpVmI-89aw4k9aNopL_y','2023-12-13 16:07:12'),(403,'Xtrullor - Ichor','RobTopGames','DBu1__I_2pY','https://www.youtube.com/watch?v=DBu1__I_2pY&list=PLh2gj5iailFGXHpVmI-89aw4k9aNopL_y','2023-12-13 16:07:12'),(404,'Creo - Exoplanet','RobTopGames','1woPDMfSlsg','https://www.youtube.com/watch?v=1woPDMfSlsg&list=PLh2gj5iailFGXHpVmI-89aw4k9aNopL_y','2023-12-13 16:07:12'),(405,'F-777 - Ludicrous Speed (Insanely Fast Techno)','RobTopGames','cLNjP1vkyYU','https://www.youtube.com/watch?v=cLNjP1vkyYU&list=PLh2gj5iailFGXHpVmI-89aw4k9aNopL_y','2023-12-13 16:07:12'),(406,'[Electro] Kaixo - Troglodyte (Original Mix)','RobTopGames','ZDuiN79OXew','https://www.youtube.com/watch?v=ZDuiN79OXew&list=PLh2gj5iailFGXHpVmI-89aw4k9aNopL_y','2023-12-13 16:07:12'),(407,'Derpcat - Something Different (feat. Talurre)','RobTopGames','5zOXXYD4Wa4','https://www.youtube.com/watch?v=5zOXXYD4Wa4&list=PLh2gj5iailFGXHpVmI-89aw4k9aNopL_y','2023-12-13 16:07:12'),(408,'Creo - Sphere','RobTopGames','0ZUoFPLlVQU','https://www.youtube.com/watch?v=0ZUoFPLlVQU&list=PLh2gj5iailFGXHpVmI-89aw4k9aNopL_y','2023-12-13 16:07:12'),(409,'NIGHTkilla - Nine Circles','RobTopGames','2ftEN3CzbuE','https://www.youtube.com/watch?v=2ftEN3CzbuE&list=PLh2gj5iailFGXHpVmI-89aw4k9aNopL_y','2023-12-13 16:07:12'),(410,'F-777 - Sonic Blaster (4th track from \"Let\'s Freaking Party\" album)','RobTopGames','IvYD-HLAl8E','https://www.youtube.com/watch?v=IvYD-HLAl8E&list=PLh2gj5iailFGXHpVmI-89aw4k9aNopL_y','2023-12-13 16:07:12'),(411,'Creo - Dimension','RobTopGames','MrD05HVGVIQ','https://www.youtube.com/watch?v=MrD05HVGVIQ&list=PLh2gj5iailFGXHpVmI-89aw4k9aNopL_y','2023-12-13 16:07:12'),(412,'Lchavasse - Lunar Abyss','RobTopGames','F_TV4vZRSE8','https://www.youtube.com/watch?v=F_TV4vZRSE8&list=PLh2gj5iailFGXHpVmI-89aw4k9aNopL_y','2023-12-13 16:07:12'),(413,'Beethoven - Moonlight Sonata 3rd Movement (meganeko Remix)','RobTopGames','j9-0GHeHV7c','https://www.youtube.com/watch?v=j9-0GHeHV7c&list=PLh2gj5iailFGXHpVmI-89aw4k9aNopL_y','2023-12-13 16:07:12'),(414,'KLYDIX - Dream Flower ()','RobTopGames','GP4Lw1noiZA','https://www.youtube.com/watch?v=GP4Lw1noiZA&list=PLh2gj5iailFGXHpVmI-89aw4k9aNopL_y','2023-12-13 16:07:12'),(415,'Beginning of Time','RobTopGames','-66Vk9FqgMU','https://www.youtube.com/watch?v=-66Vk9FqgMU&list=PLh2gj5iailFGXHpVmI-89aw4k9aNopL_y','2023-12-13 16:09:03'),(416,'Dimrain47 - At the Speed of Light','RobTopGames','1Zrq8FiKS6A','https://www.youtube.com/watch?v=1Zrq8FiKS6A&list=PLh2gj5iailFGXHpVmI-89aw4k9aNopL_y','2023-12-13 16:09:03'),(417,' (Death Moon)','RobTopGames','7E92JrNZqD4','https://www.youtube.com/watch?v=7E92JrNZqD4&list=PLh2gj5iailFGXHpVmI-89aw4k9aNopL_y','2023-12-13 16:09:03'),(418,'Xtrullor - Supernova','RobTopGames','5WXyCJ1w3Ks','https://www.youtube.com/watch?v=5WXyCJ1w3Ks&list=PLh2gj5iailFGXHpVmI-89aw4k9aNopL_y','2023-12-13 16:09:03'),(419,'ColBreakz - 2011','RobTopGames','GcopfMYIApQ','https://www.youtube.com/watch?v=GcopfMYIApQ&list=PLh2gj5iailFGXHpVmI-89aw4k9aNopL_y','2023-12-13 16:09:03'),(420,'Creo - Crazy','RobTopGames','IDaP8LeYsrk','https://www.youtube.com/watch?v=IDaP8LeYsrk&list=PLh2gj5iailFGXHpVmI-89aw4k9aNopL_y','2023-12-13 16:09:03'),(421,'Endgame','RobTopGames','lrpS69H1RRU','https://www.youtube.com/watch?v=lrpS69H1RRU&list=PLh2gj5iailFGXHpVmI-89aw4k9aNopL_y','2023-12-13 16:09:03'),(422,'Golden Haze','RobTopGames','Kp_9z_eaYlI','https://www.youtube.com/watch?v=Kp_9z_eaYlI&list=PLh2gj5iailFGXHpVmI-89aw4k9aNopL_y','2023-12-13 16:09:03'),(423,'TheFatRat - Xenogenesis (Outro Song)','RobTopGames','2Ax_EIb1zks','https://www.youtube.com/watch?v=2Ax_EIb1zks&list=PLh2gj5iailFGXHpVmI-89aw4k9aNopL_y','2023-12-13 16:09:03'),(424,'Promises','RobTopGames','hcX4hD_ebv0','https://www.youtube.com/watch?v=hcX4hD_ebv0&list=PLh2gj5iailFGXHpVmI-89aw4k9aNopL_y','2023-12-13 16:09:03'),(425,'Thumper [Breakbeat Music]','RobTopGames','Rge_r3Eri0Q','https://www.youtube.com/watch?v=Rge_r3Eri0Q&list=PLh2gj5iailFGXHpVmI-89aw4k9aNopL_y','2023-12-13 16:09:03'),(426,'Bossfight - Okiba Crackdown','RobTopGames','PgFWP391ZOs','https://www.youtube.com/watch?v=PgFWP391ZOs&list=PLh2gj5iailFGXHpVmI-89aw4k9aNopL_y','2023-12-13 16:09:03'),(427,'garlagan - Holography','RobTopGames','o633-GGH8nA','https://www.youtube.com/watch?v=o633-GGH8nA&list=PLh2gj5iailFGXHpVmI-89aw4k9aNopL_y','2023-12-13 16:09:03'),(428,'TheFatRat - Unity','RobTopGames','n8X9_MgEdCg','https://www.youtube.com/watch?v=n8X9_MgEdCg&list=PLh2gj5iailFGXHpVmI-89aw4k9aNopL_y','2023-12-13 16:09:03'),(429,'Hinkik - Time Leaper','RobTopGames','nMbx8EurE0g','https://www.youtube.com/watch?v=nMbx8EurE0g&list=PLh2gj5iailFGXHpVmI-89aw4k9aNopL_y','2023-12-13 16:09:03'),(430,'Panda Eyes - Colorblind','RobTopGames','-iwYHk_SwNA','https://www.youtube.com/watch?v=-iwYHk_SwNA&list=PLh2gj5iailFGXHpVmI-89aw4k9aNopL_y','2023-12-13 16:09:03'),(431,'Dimrain47 - The Falling Mysts','RobTopGames','9wNXRkmgd9w','https://www.youtube.com/watch?v=9wNXRkmgd9w&list=PLh2gj5iailFGXHpVmI-89aw4k9aNopL_y','2023-12-13 16:09:03'),(432,'F-777 - 1. Space Battle (Ludicrous Speed Album)','RobTopGames','aZ5rMQIu1gc','https://www.youtube.com/watch?v=aZ5rMQIu1gc&list=PLh2gj5iailFGXHpVmI-89aw4k9aNopL_y','2023-12-13 16:09:03'),(433,'Xtrullor - Ichor','RobTopGames','DBu1__I_2pY','https://www.youtube.com/watch?v=DBu1__I_2pY&list=PLh2gj5iailFGXHpVmI-89aw4k9aNopL_y','2023-12-13 16:09:03'),(434,'Creo - Exoplanet','RobTopGames','1woPDMfSlsg','https://www.youtube.com/watch?v=1woPDMfSlsg&list=PLh2gj5iailFGXHpVmI-89aw4k9aNopL_y','2023-12-13 16:09:03'),(435,'F-777 - Ludicrous Speed (Insanely Fast Techno)','RobTopGames','cLNjP1vkyYU','https://www.youtube.com/watch?v=cLNjP1vkyYU&list=PLh2gj5iailFGXHpVmI-89aw4k9aNopL_y','2023-12-13 16:09:03'),(436,'[Electro] Kaixo - Troglodyte (Original Mix)','RobTopGames','ZDuiN79OXew','https://www.youtube.com/watch?v=ZDuiN79OXew&list=PLh2gj5iailFGXHpVmI-89aw4k9aNopL_y','2023-12-13 16:09:03'),(437,'Derpcat - Something Different (feat. Talurre)','RobTopGames','5zOXXYD4Wa4','https://www.youtube.com/watch?v=5zOXXYD4Wa4&list=PLh2gj5iailFGXHpVmI-89aw4k9aNopL_y','2023-12-13 16:09:03'),(438,'Creo - Sphere','RobTopGames','0ZUoFPLlVQU','https://www.youtube.com/watch?v=0ZUoFPLlVQU&list=PLh2gj5iailFGXHpVmI-89aw4k9aNopL_y','2023-12-13 16:09:03'),(439,'NIGHTkilla - Nine Circles','RobTopGames','2ftEN3CzbuE','https://www.youtube.com/watch?v=2ftEN3CzbuE&list=PLh2gj5iailFGXHpVmI-89aw4k9aNopL_y','2023-12-13 16:09:03'),(440,'F-777 - Sonic Blaster (4th track from \"Let\'s Freaking Party\" album)','RobTopGames','IvYD-HLAl8E','https://www.youtube.com/watch?v=IvYD-HLAl8E&list=PLh2gj5iailFGXHpVmI-89aw4k9aNopL_y','2023-12-13 16:09:03'),(441,'Creo - Dimension','RobTopGames','MrD05HVGVIQ','https://www.youtube.com/watch?v=MrD05HVGVIQ&list=PLh2gj5iailFGXHpVmI-89aw4k9aNopL_y','2023-12-13 16:09:03'),(442,'Lchavasse - Lunar Abyss','RobTopGames','F_TV4vZRSE8','https://www.youtube.com/watch?v=F_TV4vZRSE8&list=PLh2gj5iailFGXHpVmI-89aw4k9aNopL_y','2023-12-13 16:09:03'),(443,'Beethoven - Moonlight Sonata 3rd Movement (meganeko Remix)','RobTopGames','j9-0GHeHV7c','https://www.youtube.com/watch?v=j9-0GHeHV7c&list=PLh2gj5iailFGXHpVmI-89aw4k9aNopL_y','2023-12-13 16:09:03'),(444,'KLYDIX - Dream Flower ()','RobTopGames','GP4Lw1noiZA','https://www.youtube.com/watch?v=GP4Lw1noiZA&list=PLh2gj5iailFGXHpVmI-89aw4k9aNopL_y','2023-12-13 16:09:03'),(445,'OMORI OST - 001 Title','OMOCAT','9d9e6XmNn9Q','https://www.youtube.com/watch?v=9d9e6XmNn9Q&list=PLbANFjAlbtqLkcthrPJ7lqYcVTSwXr2L0','2023-12-13 16:13:31'),(446,'OMORI OST - 002 WHITE SPACE','OMOCAT','wtVHR_1fS5k','https://www.youtube.com/watch?v=wtVHR_1fS5k&list=PLbANFjAlbtqLkcthrPJ7lqYcVTSwXr2L0','2023-12-13 16:13:31'),(447,'OMORI OST - 003 Lost At A Sleepover','OMOCAT','hLDull8aPDw','https://www.youtube.com/watch?v=hLDull8aPDw&list=PLbANFjAlbtqLkcthrPJ7lqYcVTSwXr2L0','2023-12-13 16:13:31'),(448,'OMORI OST - 004 Spaces In-between','OMOCAT','ljAyy-dhAz0','https://www.youtube.com/watch?v=ljAyy-dhAz0&list=PLbANFjAlbtqLkcthrPJ7lqYcVTSwXr2L0','2023-12-13 16:13:31'),(449,'OMORI OST - 005 By Your Side.','OMOCAT','7GIWV__qx4M','https://www.youtube.com/watch?v=7GIWV__qx4M&list=PLbANFjAlbtqLkcthrPJ7lqYcVTSwXr2L0','2023-12-13 16:13:31'),(450,'OMORI OST - 006 Let\'s Get Together Now!','OMOCAT','GoWgI1V_WDA','https://www.youtube.com/watch?v=GoWgI1V_WDA&list=PLbANFjAlbtqLkcthrPJ7lqYcVTSwXr2L0','2023-12-13 16:13:31'),(451,'OMORI OST - 007 100 Sunny','OMOCAT','10rFQMp9cjE','https://www.youtube.com/watch?v=10rFQMp9cjE&list=PLbANFjAlbtqLkcthrPJ7lqYcVTSwXr2L0','2023-12-13 16:13:31'),(452,'OMORI OST - 008 Trouble Brewing','OMOCAT','AO4-wj6WLO4','https://www.youtube.com/watch?v=AO4-wj6WLO4&list=PLbANFjAlbtqLkcthrPJ7lqYcVTSwXr2L0','2023-12-13 16:13:31'),(453,'OMORI OST - 009 Push & Shove','OMOCAT','tnyNKmndmRg','https://www.youtube.com/watch?v=tnyNKmndmRg&list=PLbANFjAlbtqLkcthrPJ7lqYcVTSwXr2L0','2023-12-13 16:13:31'),(454,'OMORI OST - 010 So, How\'d We Do?','OMOCAT','L1Vuc1-9fh8','https://www.youtube.com/watch?v=L1Vuc1-9fh8&list=PLbANFjAlbtqLkcthrPJ7lqYcVTSwXr2L0','2023-12-13 16:13:31'),(455,'OMORI OST - 011 It\'s Okay To Try Again...','OMOCAT','_pVm9PozysI','https://www.youtube.com/watch?v=_pVm9PozysI&list=PLbANFjAlbtqLkcthrPJ7lqYcVTSwXr2L0','2023-12-13 16:13:31'),(456,'OMORI OST - 012 Trees...','OMOCAT','n_Dxix0lvDM','https://www.youtube.com/watch?v=n_Dxix0lvDM&list=PLbANFjAlbtqLkcthrPJ7lqYcVTSwXr2L0','2023-12-13 16:13:31'),(457,'OMORI OST - 013 A Home For Flowers (Tulip)','OMOCAT','u2xW23u4qEY','https://www.youtube.com/watch?v=u2xW23u4qEY&list=PLbANFjAlbtqLkcthrPJ7lqYcVTSwXr2L0','2023-12-13 16:13:31'),(458,'OMORI OST - 014 Acrophobia','OMOCAT','wMfwS3xsH0s','https://www.youtube.com/watch?v=wMfwS3xsH0s&list=PLbANFjAlbtqLkcthrPJ7lqYcVTSwXr2L0','2023-12-13 16:13:31'),(459,'OMORI OST - 015 Tussle Among Trees','OMOCAT','DWxiVN9eWVY','https://www.youtube.com/watch?v=DWxiVN9eWVY&list=PLbANFjAlbtqLkcthrPJ7lqYcVTSwXr2L0','2023-12-13 16:13:31'),(460,'OMORI OST - 016 A Place By A Lake','OMOCAT','khr33grtujE','https://www.youtube.com/watch?v=khr33grtujE&list=PLbANFjAlbtqLkcthrPJ7lqYcVTSwXr2L0','2023-12-13 16:13:31'),(461,'OMORI OST - 017 Forest Chillin\'','OMOCAT','0Mbyt-XO8gc','https://www.youtube.com/watch?v=0Mbyt-XO8gc&list=PLbANFjAlbtqLkcthrPJ7lqYcVTSwXr2L0','2023-12-13 16:13:31'),(462,'OMORI OST - 018 Poems In The Fog','OMOCAT','LhANeyMTs0w','https://www.youtube.com/watch?v=LhANeyMTs0w&list=PLbANFjAlbtqLkcthrPJ7lqYcVTSwXr2L0','2023-12-13 16:13:31'),(463,'OMORI OST - 019 Space Road 1979','OMOCAT','p-E4vGa7z84','https://www.youtube.com/watch?v=p-E4vGa7z84&list=PLbANFjAlbtqLkcthrPJ7lqYcVTSwXr2L0','2023-12-13 16:13:31'),(464,'OMORI OST - 020 See In Your Fantasy','OMOCAT','2zha0Yb126o','https://www.youtube.com/watch?v=2zha0Yb126o&list=PLbANFjAlbtqLkcthrPJ7lqYcVTSwXr2L0','2023-12-13 16:13:31'),(465,'OMORI OST - 021 Sugar Star Planetarium','OMOCAT','ZEZRa41ury4','https://www.youtube.com/watch?v=ZEZRa41ury4&list=PLbANFjAlbtqLkcthrPJ7lqYcVTSwXr2L0','2023-12-13 16:13:31'),(466,'OMORI OST - 022 Lost, Then Found!','OMOCAT','b4dbjk2HcYo','https://www.youtube.com/watch?v=b4dbjk2HcYo&list=PLbANFjAlbtqLkcthrPJ7lqYcVTSwXr2L0','2023-12-13 16:13:31'),(467,'OMORI OST - 023 THE VENGEANCE OF THOSE FORGOTTEN IN DARKNESS','OMOCAT','9hqWe-Fr4ko','https://www.youtube.com/watch?v=9hqWe-Fr4ko&list=PLbANFjAlbtqLkcthrPJ7lqYcVTSwXr2L0','2023-12-13 16:13:31'),(468,'OMORI OST - 024 Recycling Is A Concept!','OMOCAT','D3By5lrZ8sM','https://www.youtube.com/watch?v=D3By5lrZ8sM&list=PLbANFjAlbtqLkcthrPJ7lqYcVTSwXr2L0','2023-12-13 16:13:31'),(469,'OMORI OST - 025 Lovesick - 80,000 Lightyears','OMOCAT','YiDYHPHm6Rg','https://www.youtube.com/watch?v=YiDYHPHm6Rg&list=PLbANFjAlbtqLkcthrPJ7lqYcVTSwXr2L0','2023-12-13 16:13:31'),(470,'OMORI OST - 026 I Will Catch Up!','OMOCAT','jB95To5rlsk','https://www.youtube.com/watch?v=jB95To5rlsk&list=PLbANFjAlbtqLkcthrPJ7lqYcVTSwXr2L0','2023-12-13 16:13:31'),(471,'OMORI OST - 027 Three Bar Logos','OMOCAT','RkQ1cgvkylI','https://www.youtube.com/watch?v=RkQ1cgvkylI&list=PLbANFjAlbtqLkcthrPJ7lqYcVTSwXr2L0','2023-12-13 16:13:31'),(472,'OMORI OST - 028 YO DJ PUMP THIS PARTY','OMOCAT','4IS59hM58Bs','https://www.youtube.com/watch?v=4IS59hM58Bs&list=PLbANFjAlbtqLkcthrPJ7lqYcVTSwXr2L0','2023-12-13 16:13:31'),(473,'OMORI OST - 029 Good For Health, Bad for Imagination','OMOCAT','XeK_I0XQW6U','https://www.youtube.com/watch?v=XeK_I0XQW6U&list=PLbANFjAlbtqLkcthrPJ7lqYcVTSwXr2L0','2023-12-13 16:13:31'),(474,'OMORI OST - 030 Snow Forest - A Single Flower Blooms','OMOCAT','POLg-0WWXJE','https://www.youtube.com/watch?v=POLg-0WWXJE&list=PLbANFjAlbtqLkcthrPJ7lqYcVTSwXr2L0','2023-12-13 16:13:31'),(475,'OMORI OST - 031 White Surf Style 6','OMOCAT','_7FGh_1cWT0','https://www.youtube.com/watch?v=_7FGh_1cWT0&list=PLbANFjAlbtqLkcthrPJ7lqYcVTSwXr2L0','2023-12-13 16:13:31'),(476,'OMORI OST - 032 Stardust Diving','OMOCAT','AKPBblzvbNI','https://www.youtube.com/watch?v=AKPBblzvbNI&list=PLbANFjAlbtqLkcthrPJ7lqYcVTSwXr2L0','2023-12-13 16:13:31'),(477,'OMORI OST - 033 Oh My God.','OMOCAT','fhfHb6nwyh0','https://www.youtube.com/watch?v=fhfHb6nwyh0&list=PLbANFjAlbtqLkcthrPJ7lqYcVTSwXr2L0','2023-12-13 16:13:31'),(478,'OMORI OST - 034 A Rose By Any Other Name...','OMOCAT','0IT0kOwFaaE','https://www.youtube.com/watch?v=0IT0kOwFaaE&list=PLbANFjAlbtqLkcthrPJ7lqYcVTSwXr2L0','2023-12-13 16:13:31'),(479,'OMORI OST - 035 Stardust Dusting','OMOCAT','cqVSlFhUK48','https://www.youtube.com/watch?v=cqVSlFhUK48&list=PLbANFjAlbtqLkcthrPJ7lqYcVTSwXr2L0','2023-12-13 16:13:31'),(480,'OMORI OST - 036 CHAOS ASSEMBLY','OMOCAT','OwR9FpEdGPI','https://www.youtube.com/watch?v=OwR9FpEdGPI&list=PLbANFjAlbtqLkcthrPJ7lqYcVTSwXr2L0','2023-12-13 16:13:31'),(481,'OMORI OST - 037 The Elegance of the Mysterious and Distant','OMOCAT','tfSOrLbfR1k','https://www.youtube.com/watch?v=tfSOrLbfR1k&list=PLbANFjAlbtqLkcthrPJ7lqYcVTSwXr2L0','2023-12-13 16:13:31'),(482,'OMORI OST - 038 Space Boyfriend\'s Tape - I Want Nothing More','OMOCAT','UWdCGihgiX8','https://www.youtube.com/watch?v=UWdCGihgiX8&list=PLbANFjAlbtqLkcthrPJ7lqYcVTSwXr2L0','2023-12-13 16:13:31'),(483,'OMORI OST - 039 Trouble - NEVER/ALWAYS','OMOCAT','fsCMZQvpxpM','https://www.youtube.com/watch?v=fsCMZQvpxpM&list=PLbANFjAlbtqLkcthrPJ7lqYcVTSwXr2L0','2023-12-13 16:13:31'),(484,'OMORI OST - 040 You Were Wrong. Go Back.','OMOCAT','TyHXvJdyMUo','https://www.youtube.com/watch?v=TyHXvJdyMUo&list=PLbANFjAlbtqLkcthrPJ7lqYcVTSwXr2L0','2023-12-13 16:13:31'),(485,'OMORI OST - 041 Such A Time We Had Together','OMOCAT','ZHGonUUMeO8','https://www.youtube.com/watch?v=ZHGonUUMeO8&list=PLbANFjAlbtqLkcthrPJ7lqYcVTSwXr2L0','2023-12-13 16:13:31'),(486,'OMORI OST - 042 Photograph','OMOCAT','J2bX_B_oU-8','https://www.youtube.com/watch?v=J2bX_B_oU-8&list=PLbANFjAlbtqLkcthrPJ7lqYcVTSwXr2L0','2023-12-13 16:13:31'),(487,'OMORI OST - 043 Finding Shapes in the Clouds','OMOCAT','uF9xZPwaIUY','https://www.youtube.com/watch?v=uF9xZPwaIUY&list=PLbANFjAlbtqLkcthrPJ7lqYcVTSwXr2L0','2023-12-13 16:13:31'),(488,'OMORI OST - 044 Where We Used To Play','OMOCAT','DepK5YBmWfA','https://www.youtube.com/watch?v=DepK5YBmWfA&list=PLbANFjAlbtqLkcthrPJ7lqYcVTSwXr2L0','2023-12-13 16:13:31'),(489,'OMORI OST - 045 Bargain Bin Boys','OMOCAT','e7JHrEbnH78','https://www.youtube.com/watch?v=e7JHrEbnH78&list=PLbANFjAlbtqLkcthrPJ7lqYcVTSwXr2L0','2023-12-13 16:13:31'),(490,'OMORI OST - 046 Woof','OMOCAT','3jF5hK3h0wk','https://www.youtube.com/watch?v=3jF5hK3h0wk&list=PLbANFjAlbtqLkcthrPJ7lqYcVTSwXr2L0','2023-12-13 16:13:31'),(491,'OMORI OST - 047 Realistic Space Simulation','OMOCAT','GLjpwNS8sj4','https://www.youtube.com/watch?v=GLjpwNS8sj4&list=PLbANFjAlbtqLkcthrPJ7lqYcVTSwXr2L0','2023-12-13 16:13:31'),(492,'OMORI OST - 048 Jash Bash','OMOCAT','vqFL-p7AB8U','https://www.youtube.com/watch?v=vqFL-p7AB8U&list=PLbANFjAlbtqLkcthrPJ7lqYcVTSwXr2L0','2023-12-13 16:13:31'),(493,'OMORI OST - 049 Jash Bash 2: New Age of Heroes','OMOCAT','H5RbFRKKgfA','https://www.youtube.com/watch?v=H5RbFRKKgfA&list=PLbANFjAlbtqLkcthrPJ7lqYcVTSwXr2L0','2023-12-13 16:13:31'),(494,'OMORI OST - 050 Jash Bash 3: Jashpocalypse Infinity','OMOCAT','GOQq7e3K20Q','https://www.youtube.com/watch?v=GOQq7e3K20Q&list=PLbANFjAlbtqLkcthrPJ7lqYcVTSwXr2L0','2023-12-13 16:13:31'),(495,'OMORI OST - 051 Clash of Jash','OMOCAT','s1pAlPutUZk','https://www.youtube.com/watch?v=s1pAlPutUZk&list=PLbANFjAlbtqLkcthrPJ7lqYcVTSwXr2L0','2023-12-13 16:13:31'),(496,'OMORI OST - 052 Take A Load Off','OMOCAT','KkgJScQq0Bg','https://www.youtube.com/watch?v=KkgJScQq0Bg&list=PLbANFjAlbtqLkcthrPJ7lqYcVTSwXr2L0','2023-12-13 16:13:31'),(497,'OMORI OST - 053 I Prefer My Pizza 90% Grease','OMOCAT','PzH1RNhS57w','https://www.youtube.com/watch?v=PzH1RNhS57w&list=PLbANFjAlbtqLkcthrPJ7lqYcVTSwXr2L0','2023-12-13 16:13:31'),(498,'OMORI OST - 054 Fresh...ish...','OMOCAT','IU1eOAk2zeY','https://www.youtube.com/watch?v=IU1eOAk2zeY&list=PLbANFjAlbtqLkcthrPJ7lqYcVTSwXr2L0','2023-12-13 16:13:31'),(499,'OMORI OST - 055 High Fructose Headache','OMOCAT','O3jZEHAEIDA','https://www.youtube.com/watch?v=O3jZEHAEIDA&list=PLbANFjAlbtqLkcthrPJ7lqYcVTSwXr2L0','2023-12-13 16:13:31'),(500,'OMORI OST - 056 I Think My Dad Shops Here','OMOCAT','uWijf1XXncw','https://www.youtube.com/watch?v=uWijf1XXncw&list=PLbANFjAlbtqLkcthrPJ7lqYcVTSwXr2L0','2023-12-13 16:13:31'),(501,'OMORI OST - 057 Just Leave Me Alone','OMOCAT','uEzbdsyaNao','https://www.youtube.com/watch?v=uEzbdsyaNao&list=PLbANFjAlbtqLkcthrPJ7lqYcVTSwXr2L0','2023-12-13 16:13:31'),(502,'OMORI OST - 058 Cram It Wad','OMOCAT','X4sDbcV6R_k','https://www.youtube.com/watch?v=X4sDbcV6R_k&list=PLbANFjAlbtqLkcthrPJ7lqYcVTSwXr2L0','2023-12-13 16:13:31'),(503,'OMORI OST - 059 Respite','OMOCAT','krY42gTTtYM','https://www.youtube.com/watch?v=krY42gTTtYM&list=PLbANFjAlbtqLkcthrPJ7lqYcVTSwXr2L0','2023-12-13 16:13:31'),(504,'OMORI OST - 060 It Means Everything.','OMOCAT','8wKWwUzgCE8','https://www.youtube.com/watch?v=8wKWwUzgCE8&list=PLbANFjAlbtqLkcthrPJ7lqYcVTSwXr2L0','2023-12-13 16:13:31'),(505,'OMORI OST - 061 See You Tomorrow','OMOCAT','MQYmjpdA_Pw','https://www.youtube.com/watch?v=MQYmjpdA_Pw&list=PLbANFjAlbtqLkcthrPJ7lqYcVTSwXr2L0','2023-12-13 16:13:31'),(506,'OMORI OST - 062 A Home For Flowers (Empty)','OMOCAT','LjyToU14TBM','https://www.youtube.com/watch?v=LjyToU14TBM&list=PLbANFjAlbtqLkcthrPJ7lqYcVTSwXr2L0','2023-12-13 16:13:31'),(507,'OMORI OST - 063 Help Me','OMOCAT','SPX1ps4P-_s','https://www.youtube.com/watch?v=SPX1ps4P-_s&list=PLbANFjAlbtqLkcthrPJ7lqYcVTSwXr2L0','2023-12-13 16:13:31'),(508,'OMORI OST - 064 Arachnophobia','OMOCAT','ASrtjconCdc','https://www.youtube.com/watch?v=ASrtjconCdc&list=PLbANFjAlbtqLkcthrPJ7lqYcVTSwXr2L0','2023-12-13 16:13:31'),(509,'OMORI OST - 065 Something, Alone','OMOCAT','IOBWv8Oa7xA','https://www.youtube.com/watch?v=IOBWv8Oa7xA&list=PLbANFjAlbtqLkcthrPJ7lqYcVTSwXr2L0','2023-12-13 16:13:31'),(510,'OMORI OST - 066 Fade','OMOCAT','ZDdBZtWIPU0','https://www.youtube.com/watch?v=ZDdBZtWIPU0&list=PLbANFjAlbtqLkcthrPJ7lqYcVTSwXr2L0','2023-12-13 16:13:31'),(511,'OMORI OST - 067 The Heart of the Desert','OMOCAT','-fNEOpbZkV4','https://www.youtube.com/watch?v=-fNEOpbZkV4&list=PLbANFjAlbtqLkcthrPJ7lqYcVTSwXr2L0','2023-12-13 16:13:31'),(512,'OMORI OST - 068 Puddles','OMOCAT','_46DK9y5J5o','https://www.youtube.com/watch?v=_46DK9y5J5o&list=PLbANFjAlbtqLkcthrPJ7lqYcVTSwXr2L0','2023-12-13 16:13:31'),(513,'OMORI OST - 069 PRANKED.','OMOCAT','uEPH9oZ0IKU','https://www.youtube.com/watch?v=uEPH9oZ0IKU&list=PLbANFjAlbtqLkcthrPJ7lqYcVTSwXr2L0','2023-12-13 16:13:31'),(514,'OMORI OST - 070 An Archaeic Resonance','OMOCAT','4eZgtFTAe60','https://www.youtube.com/watch?v=4eZgtFTAe60&list=PLbANFjAlbtqLkcthrPJ7lqYcVTSwXr2L0','2023-12-13 16:13:31'),(515,'OMORI OST - 071 \'X\' Marks The Spot!','OMOCAT','B1U_QlT2i1Y','https://www.youtube.com/watch?v=B1U_QlT2i1Y&list=PLbANFjAlbtqLkcthrPJ7lqYcVTSwXr2L0','2023-12-13 16:13:31'),(516,'OMORI OST -  072 Those Who Forget History','OMOCAT','y4JRowX8dcQ','https://www.youtube.com/watch?v=y4JRowX8dcQ&list=PLbANFjAlbtqLkcthrPJ7lqYcVTSwXr2L0','2023-12-13 16:13:31'),(517,'OMORI OST - 073 Tumbleweeds','OMOCAT','xKUPLQypXYg','https://www.youtube.com/watch?v=xKUPLQypXYg&list=PLbANFjAlbtqLkcthrPJ7lqYcVTSwXr2L0','2023-12-13 16:13:31'),(518,'OMORI OST - 074 Pyrefly Forest - Cat\'s Cradle','OMOCAT','QtQubHCy2UI','https://www.youtube.com/watch?v=QtQubHCy2UI&list=PLbANFjAlbtqLkcthrPJ7lqYcVTSwXr2L0','2023-12-13 16:13:31'),(519,'OMORI OST - 075 Forest Frenzy','OMOCAT','0IWU-9_BuQw','https://www.youtube.com/watch?v=0IWU-9_BuQw&list=PLbANFjAlbtqLkcthrPJ7lqYcVTSwXr2L0','2023-12-13 16:13:31'),(520,'OMORI OST - 076 Sweet Paralysis','OMOCAT','aFwkKTITYKA','https://www.youtube.com/watch?v=aFwkKTITYKA&list=PLbANFjAlbtqLkcthrPJ7lqYcVTSwXr2L0','2023-12-13 16:13:31'),(521,'OMORI OST - 077 Sweetheart\'s Quest for Hearts','OMOCAT','FgXOBL1cdIA','https://www.youtube.com/watch?v=FgXOBL1cdIA&list=PLbANFjAlbtqLkcthrPJ7lqYcVTSwXr2L0','2023-12-13 16:13:31'),(522,'OMORI OST - 078 How...sad!','OMOCAT','Io5-rYQ8TjY','https://www.youtube.com/watch?v=Io5-rYQ8TjY&list=PLbANFjAlbtqLkcthrPJ7lqYcVTSwXr2L0','2023-12-13 16:13:31'),(523,'OMORI OST - 079 How...tragic!','OMOCAT','z2NNo23Q9do','https://www.youtube.com/watch?v=z2NNo23Q9do&list=PLbANFjAlbtqLkcthrPJ7lqYcVTSwXr2L0','2023-12-13 16:13:31'),(524,'OMORI OST - 080 Eternal Dungeon','OMOCAT','1jQWgrgDlC4','https://www.youtube.com/watch?v=1jQWgrgDlC4&list=PLbANFjAlbtqLkcthrPJ7lqYcVTSwXr2L0','2023-12-13 16:13:31'),(525,'OMORI OST - 081 Splintered Sweets In The Castle','OMOCAT','HLHvRifRS9U','https://www.youtube.com/watch?v=HLHvRifRS9U&list=PLbANFjAlbtqLkcthrPJ7lqYcVTSwXr2L0','2023-12-13 16:13:31'),(526,'OMORI OST - 082 Wandering Rose','OMOCAT','LXn3FNYzvwo','https://www.youtube.com/watch?v=LXn3FNYzvwo&list=PLbANFjAlbtqLkcthrPJ7lqYcVTSwXr2L0','2023-12-13 16:13:31'),(527,'OMORI OST - 083 Stationary Rose','OMOCAT','uZYl9h5Ji1c','https://www.youtube.com/watch?v=uZYl9h5Ji1c&list=PLbANFjAlbtqLkcthrPJ7lqYcVTSwXr2L0','2023-12-13 16:13:31'),(528,'OMORI OST - 084 Valour Against All Odds','OMOCAT','7nST9wmNGB8','https://www.youtube.com/watch?v=7nST9wmNGB8&list=PLbANFjAlbtqLkcthrPJ7lqYcVTSwXr2L0','2023-12-13 16:13:31'),(529,'OMORI OST - 085 I Definitely Promised You A Rose Garden','OMOCAT','WQTdaPEBjWs','https://www.youtube.com/watch?v=WQTdaPEBjWs&list=PLbANFjAlbtqLkcthrPJ7lqYcVTSwXr2L0','2023-12-13 16:13:31'),(530,'OMORI OST - 086 World\'s End Valentine','OMOCAT','rlQd9qWKjLM','https://www.youtube.com/watch?v=rlQd9qWKjLM&list=PLbANFjAlbtqLkcthrPJ7lqYcVTSwXr2L0','2023-12-13 16:13:31'),(531,'OMORI OST - 087 I Just Love The 50s!!!','OMOCAT','DY9lM41h-dg','https://www.youtube.com/watch?v=DY9lM41h-dg&list=PLbANFjAlbtqLkcthrPJ7lqYcVTSwXr2L0','2023-12-13 16:13:31'),(532,'OMORI OST - 088 Lost Library','OMOCAT','31jhk_A3mYk','https://www.youtube.com/watch?v=31jhk_A3mYk&list=PLbANFjAlbtqLkcthrPJ7lqYcVTSwXr2L0','2023-12-13 16:13:31'),(533,'OMORI OST - 089 Bookcase','OMOCAT','uLQcyE4dZi0','https://www.youtube.com/watch?v=uLQcyE4dZi0&list=PLbANFjAlbtqLkcthrPJ7lqYcVTSwXr2L0','2023-12-13 16:13:31'),(534,'OMORI OST - 090 Thrifted Tchotchkes','OMOCAT','DbPfICOHzp4','https://www.youtube.com/watch?v=DbPfICOHzp4&list=PLbANFjAlbtqLkcthrPJ7lqYcVTSwXr2L0','2023-12-13 16:13:31'),(535,'OMORI OST - 091 Swirly 1000x','OMOCAT','Hww-EBjdKvg','https://www.youtube.com/watch?v=Hww-EBjdKvg&list=PLbANFjAlbtqLkcthrPJ7lqYcVTSwXr2L0','2023-12-13 16:13:31'),(536,'OMORI OST - 092 Dear Little Brother...','OMOCAT','t3b52Z2qtfw','https://www.youtube.com/watch?v=t3b52Z2qtfw&list=PLbANFjAlbtqLkcthrPJ7lqYcVTSwXr2L0','2023-12-13 16:13:31'),(537,'OMORI OST - 093 Thalassophobia','OMOCAT','lB7Lxd_1TYQ','https://www.youtube.com/watch?v=lB7Lxd_1TYQ&list=PLbANFjAlbtqLkcthrPJ7lqYcVTSwXr2L0','2023-12-13 16:13:31'),(538,'OMORI OST - 094 Water','OMOCAT','bYMsrd5uwNg','https://www.youtube.com/watch?v=bYMsrd5uwNg&list=PLbANFjAlbtqLkcthrPJ7lqYcVTSwXr2L0','2023-12-13 16:13:31'),(539,'OMORI OST - 095 Hanging With The Boys','OMOCAT','k5ULcrFTLxA','https://www.youtube.com/watch?v=k5ULcrFTLxA&list=PLbANFjAlbtqLkcthrPJ7lqYcVTSwXr2L0','2023-12-13 16:13:31'),(540,'OMORI OST - 096 WHITE SPACE','OMOCAT','t815nBXavpE','https://www.youtube.com/watch?v=t815nBXavpE&list=PLbANFjAlbtqLkcthrPJ7lqYcVTSwXr2L0','2023-12-13 16:13:31'),(541,'OMORI OST - 097 Origin','OMOCAT','lnu0ygZ4tvk','https://www.youtube.com/watch?v=lnu0ygZ4tvk&list=PLbANFjAlbtqLkcthrPJ7lqYcVTSwXr2L0','2023-12-13 16:13:31'),(542,'OMORI OST - 098 Long Way Down...','OMOCAT','SJaIn9D5ro4','https://www.youtube.com/watch?v=SJaIn9D5ro4&list=PLbANFjAlbtqLkcthrPJ7lqYcVTSwXr2L0','2023-12-13 16:13:31'),(543,'OMORI OST - 099 The Last Resort','OMOCAT','J87QEOPza0c','https://www.youtube.com/watch?v=J87QEOPza0c&list=PLbANFjAlbtqLkcthrPJ7lqYcVTSwXr2L0','2023-12-13 16:13:31'),(544,'OMORI OST - 100 Not-So-Empty-House','OMOCAT','r6E18KHYZE8','https://www.youtube.com/watch?v=r6E18KHYZE8&list=PLbANFjAlbtqLkcthrPJ7lqYcVTSwXr2L0','2023-12-13 16:13:31'),(545,'OMORI OST - 101 It\'s A Ghost Dance','OMOCAT','N7Oy1pvobKI','https://www.youtube.com/watch?v=N7Oy1pvobKI&list=PLbANFjAlbtqLkcthrPJ7lqYcVTSwXr2L0','2023-12-13 16:13:31'),(546,'OMORI OST - 102 Room for 4','OMOCAT','FRAcLeSg6RY','https://www.youtube.com/watch?v=FRAcLeSg6RY&list=PLbANFjAlbtqLkcthrPJ7lqYcVTSwXr2L0','2023-12-13 16:13:31'),(547,'OMORI OST - 103 Gator Gambol','OMOCAT','XAUoNdt-0hs','https://www.youtube.com/watch?v=XAUoNdt-0hs&list=PLbANFjAlbtqLkcthrPJ7lqYcVTSwXr2L0','2023-12-13 16:13:31'),(548,'OMORI OST - 104 Clams Clams Clams','OMOCAT','6MBFHl_E3AU','https://www.youtube.com/watch?v=6MBFHl_E3AU&list=PLbANFjAlbtqLkcthrPJ7lqYcVTSwXr2L0','2023-12-13 16:13:31'),(549,'OMORI OST - 105 Jawbreaker','OMOCAT','Cmj8FDbUdF8','https://www.youtube.com/watch?v=Cmj8FDbUdF8&list=PLbANFjAlbtqLkcthrPJ7lqYcVTSwXr2L0','2023-12-13 16:13:31'),(550,'OMORI OST - 106 GOLDENVENGEANCE','OMOCAT','PqQC_gl5k0w','https://www.youtube.com/watch?v=PqQC_gl5k0w&list=PLbANFjAlbtqLkcthrPJ7lqYcVTSwXr2L0','2023-12-13 16:13:31'),(551,'OMORI OST - 107 Underwater Highway','OMOCAT','mfUvvgsvKQ8','https://www.youtube.com/watch?v=mfUvvgsvKQ8&list=PLbANFjAlbtqLkcthrPJ7lqYcVTSwXr2L0','2023-12-13 16:13:31'),(552,'OMORI OST - 108 Squall','OMOCAT','6Wg3pWcLmcI','https://www.youtube.com/watch?v=6Wg3pWcLmcI&list=PLbANFjAlbtqLkcthrPJ7lqYcVTSwXr2L0','2023-12-13 16:13:31'),(553,'OMORI OST - 109 Aquifer','OMOCAT','IV_vAW8QfPQ','https://www.youtube.com/watch?v=IV_vAW8QfPQ&list=PLbANFjAlbtqLkcthrPJ7lqYcVTSwXr2L0','2023-12-13 16:13:31'),(554,'OMORI OST - 110 Numbers','OMOCAT','4Q-nIrhdsGY','https://www.youtube.com/watch?v=4Q-nIrhdsGY&list=PLbANFjAlbtqLkcthrPJ7lqYcVTSwXr2L0','2023-12-13 16:13:31'),(555,'OMORI OST - 111 Sinking','OMOCAT','Q5_r_ld4vyY','https://www.youtube.com/watch?v=Q5_r_ld4vyY&list=PLbANFjAlbtqLkcthrPJ7lqYcVTSwXr2L0','2023-12-13 16:13:31'),(556,'OMORI OST - 112 H20:HCL','OMOCAT','KszmrMQYYNw','https://www.youtube.com/watch?v=KszmrMQYYNw&list=PLbANFjAlbtqLkcthrPJ7lqYcVTSwXr2L0','2023-12-13 16:13:31'),(557,'OMORI OST - 113 Chemistry On and On','OMOCAT','FNrpcJ2Qyl0','https://www.youtube.com/watch?v=FNrpcJ2Qyl0&list=PLbANFjAlbtqLkcthrPJ7lqYcVTSwXr2L0','2023-12-13 16:13:31'),(558,'OMORI OST - 114 But I Wanna See It All With You!','OMOCAT','gAOXXwV7_1o','https://www.youtube.com/watch?v=gAOXXwV7_1o&list=PLbANFjAlbtqLkcthrPJ7lqYcVTSwXr2L0','2023-12-13 16:13:31'),(559,'OMORI OST - 115 Grimey','OMOCAT','2iV5ys9JmBs','https://www.youtube.com/watch?v=2iV5ys9JmBs&list=PLbANFjAlbtqLkcthrPJ7lqYcVTSwXr2L0','2023-12-13 16:13:31'),(560,'OMORI OST - 116 Underwater Prom Queens','OMOCAT','7xl5kRE19y4','https://www.youtube.com/watch?v=7xl5kRE19y4&list=PLbANFjAlbtqLkcthrPJ7lqYcVTSwXr2L0','2023-12-13 16:13:31'),(561,'OMORI OST - 117 Whale Whale Whale','OMOCAT','z-mru_OwH58','https://www.youtube.com/watch?v=z-mru_OwH58&list=PLbANFjAlbtqLkcthrPJ7lqYcVTSwXr2L0','2023-12-13 16:13:31'),(562,'OMORI OST - 118 Swallow Hollow','OMOCAT','35SmEPcX5hw','https://www.youtube.com/watch?v=35SmEPcX5hw&list=PLbANFjAlbtqLkcthrPJ7lqYcVTSwXr2L0','2023-12-13 16:13:31'),(563,'OMORI OST - 119 Gross...','OMOCAT','C2WrhtU-7uo','https://www.youtube.com/watch?v=C2WrhtU-7uo&list=PLbANFjAlbtqLkcthrPJ7lqYcVTSwXr2L0','2023-12-13 16:13:31'),(564,'OMORI OST - 120 That One Song But It\'s Some Mermaids','OMOCAT','oeqt4IPYBdo','https://www.youtube.com/watch?v=oeqt4IPYBdo&list=PLbANFjAlbtqLkcthrPJ7lqYcVTSwXr2L0','2023-12-13 16:13:31'),(565,'OMORI OST - 121 Undertow','OMOCAT','-vWVAo-qHrc','https://www.youtube.com/watch?v=-vWVAo-qHrc&list=PLbANFjAlbtqLkcthrPJ7lqYcVTSwXr2L0','2023-12-13 16:13:31'),(566,'OMORI OST - 122 WHITE SPACE','OMOCAT','POMNynMVTk0','https://www.youtube.com/watch?v=POMNynMVTk0&list=PLbANFjAlbtqLkcthrPJ7lqYcVTSwXr2L0','2023-12-13 16:13:31'),(567,'OMORI OST - 123 Fermentation Disorientation','OMOCAT','Tvcl-_7S6fw','https://www.youtube.com/watch?v=Tvcl-_7S6fw&list=PLbANFjAlbtqLkcthrPJ7lqYcVTSwXr2L0','2023-12-13 16:13:31'),(568,'OMORI OST - 124 Flouring With You','OMOCAT','3YBe5w0gBTo','https://www.youtube.com/watch?v=3YBe5w0gBTo&list=PLbANFjAlbtqLkcthrPJ7lqYcVTSwXr2L0','2023-12-13 16:13:31'),(569,'OMORI OST - 125 BREADY STEADY GO','OMOCAT','QL_MA9kQ-0o','https://www.youtube.com/watch?v=QL_MA9kQ-0o&list=PLbANFjAlbtqLkcthrPJ7lqYcVTSwXr2L0','2023-12-13 16:13:31'),(570,'OMORI OST - 126 Recycling Really Is A Concept','OMOCAT','nlIMTln7ZGI','https://www.youtube.com/watch?v=nlIMTln7ZGI&list=PLbANFjAlbtqLkcthrPJ7lqYcVTSwXr2L0','2023-12-13 16:13:31'),(571,'OMORI OST - 127 Remember To Be Patient','OMOCAT','YD7Q2MoR_gY','https://www.youtube.com/watch?v=YD7Q2MoR_gY&list=PLbANFjAlbtqLkcthrPJ7lqYcVTSwXr2L0','2023-12-13 16:13:31'),(572,'OMORI OST - 128 Cold!','OMOCAT','I5M2H9QjNWk','https://www.youtube.com/watch?v=I5M2H9QjNWk&list=PLbANFjAlbtqLkcthrPJ7lqYcVTSwXr2L0','2023-12-13 16:13:31'),(573,'OMORI OST - 129 You Cannot Go Back','OMOCAT','Pe---DN2TmY','https://www.youtube.com/watch?v=Pe---DN2TmY&list=PLbANFjAlbtqLkcthrPJ7lqYcVTSwXr2L0','2023-12-13 16:13:31'),(574,'OMORI OST - 130 Tee-hee Time','OMOCAT','n9gm9lP_4Gk','https://www.youtube.com/watch?v=n9gm9lP_4Gk&list=PLbANFjAlbtqLkcthrPJ7lqYcVTSwXr2L0','2023-12-13 16:13:31'),(575,'OMORI OST - 131 Welcome Again.','OMOCAT','gAWLivIzTKc','https://www.youtube.com/watch?v=gAWLivIzTKc&list=PLbANFjAlbtqLkcthrPJ7lqYcVTSwXr2L0','2023-12-13 16:13:31'),(576,'OMORI OST - 132 Fleur','OMOCAT','_1hnWBULqR4','https://www.youtube.com/watch?v=_1hnWBULqR4&list=PLbANFjAlbtqLkcthrPJ7lqYcVTSwXr2L0','2023-12-13 16:13:31'),(577,'OMORI OST - 133 Distance','OMOCAT','0PzXw9b40P8','https://www.youtube.com/watch?v=0PzXw9b40P8&list=PLbANFjAlbtqLkcthrPJ7lqYcVTSwXr2L0','2023-12-13 16:13:31'),(578,'OMORI OST - 134 Drone','OMOCAT','O8tPpbqFwtI','https://www.youtube.com/watch?v=O8tPpbqFwtI&list=PLbANFjAlbtqLkcthrPJ7lqYcVTSwXr2L0','2023-12-13 16:13:31'),(579,'OMORI OST - 135 Calm','OMOCAT','Reo1K7xouBY','https://www.youtube.com/watch?v=Reo1K7xouBY&list=PLbANFjAlbtqLkcthrPJ7lqYcVTSwXr2L0','2023-12-13 16:13:31'),(580,'OMORI OST - 136 Glade','OMOCAT','8a8Ev1DmWVE','https://www.youtube.com/watch?v=8a8Ev1DmWVE&list=PLbANFjAlbtqLkcthrPJ7lqYcVTSwXr2L0','2023-12-13 16:13:31'),(581,'OMORI OST - 137 56-12-2','OMOCAT','RHraiUG3vFY','https://www.youtube.com/watch?v=RHraiUG3vFY&list=PLbANFjAlbtqLkcthrPJ7lqYcVTSwXr2L0','2023-12-13 16:13:31'),(582,'OMORI OST - 138 Bloom','OMOCAT','XNYJ73n5tf4','https://www.youtube.com/watch?v=XNYJ73n5tf4&list=PLbANFjAlbtqLkcthrPJ7lqYcVTSwXr2L0','2023-12-13 16:13:31'),(583,'OMORI OST - 139 August/Water','OMOCAT','OGwi7G59Lfc','https://www.youtube.com/watch?v=OGwi7G59Lfc&list=PLbANFjAlbtqLkcthrPJ7lqYcVTSwXr2L0','2023-12-13 16:13:31'),(584,'OMORI OST - 140 5ths','OMOCAT','wJ3lnnpJYdc','https://www.youtube.com/watch?v=wJ3lnnpJYdc&list=PLbANFjAlbtqLkcthrPJ7lqYcVTSwXr2L0','2023-12-13 16:13:31'),(585,'OMORI OST - 141 Waiting For...','OMOCAT','S0JCCYueIz0','https://www.youtube.com/watch?v=S0JCCYueIz0&list=PLbANFjAlbtqLkcthrPJ7lqYcVTSwXr2L0','2023-12-13 16:13:31'),(586,'OMORI OST - 142 Nawa','OMOCAT','0gkam5PYRbE','https://www.youtube.com/watch?v=0gkam5PYRbE&list=PLbANFjAlbtqLkcthrPJ7lqYcVTSwXr2L0','2023-12-13 16:13:31'),(587,'OMORI OST - 143 White Pillars','OMOCAT','daT8cW5Nv7A','https://www.youtube.com/watch?v=daT8cW5Nv7A&list=PLbANFjAlbtqLkcthrPJ7lqYcVTSwXr2L0','2023-12-13 16:13:31'),(588,'OMORI OST - 144 Come and See','OMOCAT','OCTYy4I54d8','https://www.youtube.com/watch?v=OCTYy4I54d8&list=PLbANFjAlbtqLkcthrPJ7lqYcVTSwXr2L0','2023-12-13 16:13:31'),(589,'OMORI OST - 145 Friends.','OMOCAT','FT4cMYqiOng','https://www.youtube.com/watch?v=FT4cMYqiOng&list=PLbANFjAlbtqLkcthrPJ7lqYcVTSwXr2L0','2023-12-13 16:13:31'),(590,'OMORI OST - 146 Friendsssssss.','OMOCAT','Ybn__4TMGYQ','https://www.youtube.com/watch?v=Ybn__4TMGYQ&list=PLbANFjAlbtqLkcthrPJ7lqYcVTSwXr2L0','2023-12-13 16:13:31'),(591,'OMORI OST - 147 Orchard','OMOCAT','g7lfPT4jNQQ','https://www.youtube.com/watch?v=g7lfPT4jNQQ&list=PLbANFjAlbtqLkcthrPJ7lqYcVTSwXr2L0','2023-12-13 16:13:31'),(592,'OMORI OST - 148 Temple','OMOCAT','wiGmzLwTy5o','https://www.youtube.com/watch?v=wiGmzLwTy5o&list=PLbANFjAlbtqLkcthrPJ7lqYcVTSwXr2L0','2023-12-13 16:13:31'),(593,'OMORI OST - 149 Look','OMOCAT','cxlHRb2JXPg','https://www.youtube.com/watch?v=cxlHRb2JXPg&list=PLbANFjAlbtqLkcthrPJ7lqYcVTSwXr2L0','2023-12-13 16:13:31'),(594,'OMORI OST - 150 Bad Morning','OMOCAT','yA9Tz50cx9Q','https://www.youtube.com/watch?v=yA9Tz50cx9Q&list=PLbANFjAlbtqLkcthrPJ7lqYcVTSwXr2L0','2023-12-13 16:13:31'),(595,'OMORI OST - 151 Listening','OMOCAT','OWrUZC__Tgc','https://www.youtube.com/watch?v=OWrUZC__Tgc&list=PLbANFjAlbtqLkcthrPJ7lqYcVTSwXr2L0','2023-12-13 16:13:32'),(596,'OMORI OST - 152 A Red Shape','OMOCAT','70UZAJALTzI','https://www.youtube.com/watch?v=70UZAJALTzI&list=PLbANFjAlbtqLkcthrPJ7lqYcVTSwXr2L0','2023-12-13 16:13:32'),(597,'OMORI OST - 153 Do You Remember?','OMOCAT','Y_iFVNQ_gKo','https://www.youtube.com/watch?v=Y_iFVNQ_gKo&list=PLbANFjAlbtqLkcthrPJ7lqYcVTSwXr2L0','2023-12-13 16:13:32'),(598,'OMORI OST - 154 Playing Forever','OMOCAT','M0WsQXD8788','https://www.youtube.com/watch?v=M0WsQXD8788&list=PLbANFjAlbtqLkcthrPJ7lqYcVTSwXr2L0','2023-12-13 16:13:32'),(599,'OMORI OST - 155 Treehouse - Here We Are, Together Again','OMOCAT','zABWPJlIdkU','https://www.youtube.com/watch?v=zABWPJlIdkU&list=PLbANFjAlbtqLkcthrPJ7lqYcVTSwXr2L0','2023-12-13 16:13:32'),(600,'OMORI OST - 156 Save','OMOCAT','4VzxGrNyl1U','https://www.youtube.com/watch?v=4VzxGrNyl1U&list=PLbANFjAlbtqLkcthrPJ7lqYcVTSwXr2L0','2023-12-13 16:13:32'),(601,'OMORI OST - 157 Something','OMOCAT','8k52DxtnNcA','https://www.youtube.com/watch?v=8k52DxtnNcA&list=PLbANFjAlbtqLkcthrPJ7lqYcVTSwXr2L0','2023-12-13 16:13:32'),(602,'OMORI OST - 158 A Home For Flowers (Daisy)','OMOCAT','9n6pcfsA3Yo','https://www.youtube.com/watch?v=9n6pcfsA3Yo&list=PLbANFjAlbtqLkcthrPJ7lqYcVTSwXr2L0','2023-12-13 16:13:32'),(603,'OMORI OST - 159 Remina','OMOCAT','BXgF3zixmd0','https://www.youtube.com/watch?v=BXgF3zixmd0&list=PLbANFjAlbtqLkcthrPJ7lqYcVTSwXr2L0','2023-12-13 16:13:32'),(604,'OMORI OST - 160 Normal.','OMOCAT','WvoeS1mJHqM','https://www.youtube.com/watch?v=WvoeS1mJHqM&list=PLbANFjAlbtqLkcthrPJ7lqYcVTSwXr2L0','2023-12-13 16:13:32'),(605,'OMORI OST - 161 Your Catastrophes','OMOCAT','WB5XqJJHzC8','https://www.youtube.com/watch?v=WB5XqJJHzC8&list=PLbANFjAlbtqLkcthrPJ7lqYcVTSwXr2L0','2023-12-13 16:13:32'),(606,'OMORI OST - 162 Your Catastrophes - Procession','OMOCAT','6rWV5JRd4zA','https://www.youtube.com/watch?v=6rWV5JRd4zA&list=PLbANFjAlbtqLkcthrPJ7lqYcVTSwXr2L0','2023-12-13 16:13:32'),(607,'OMORI OST - 163 Crossroads','OMOCAT','5s-1dej9Gsc','https://www.youtube.com/watch?v=5s-1dej9Gsc&list=PLbANFjAlbtqLkcthrPJ7lqYcVTSwXr2L0','2023-12-13 16:13:32'),(608,'OMORI OST - 164 The Violin','OMOCAT','SwTi6TAEE1A','https://www.youtube.com/watch?v=SwTi6TAEE1A&list=PLbANFjAlbtqLkcthrPJ7lqYcVTSwXr2L0','2023-12-13 16:13:32'),(609,'OMORI OST - 165 A Home For Flowers (Sunflower)','OMOCAT','v6ofxD4fLms','https://www.youtube.com/watch?v=v6ofxD4fLms&list=PLbANFjAlbtqLkcthrPJ7lqYcVTSwXr2L0','2023-12-13 16:13:32'),(610,'OMORI OST - 166 You Must Carry On.','OMOCAT','ewvhlYh9wC0','https://www.youtube.com/watch?v=ewvhlYh9wC0&list=PLbANFjAlbtqLkcthrPJ7lqYcVTSwXr2L0','2023-12-13 16:13:32'),(611,'OMORI OST - 167 Remembrance.','OMOCAT','4f1v9u2Jbg8','https://www.youtube.com/watch?v=4f1v9u2Jbg8&list=PLbANFjAlbtqLkcthrPJ7lqYcVTSwXr2L0','2023-12-13 16:13:32'),(612,'OMORI OST - 168 OMORI','OMOCAT','W766EABGHe8','https://www.youtube.com/watch?v=W766EABGHe8&list=PLbANFjAlbtqLkcthrPJ7lqYcVTSwXr2L0','2023-12-13 16:13:32'),(613,'OMORI OST - 169 OMORI - ALTER','OMOCAT','bKC8qqqLZ6A','https://www.youtube.com/watch?v=bKC8qqqLZ6A&list=PLbANFjAlbtqLkcthrPJ7lqYcVTSwXr2L0','2023-12-13 16:13:32'),(614,'OMORI OST - 170 Try Again Little Brother','OMOCAT','oIyRzl8zVWE','https://www.youtube.com/watch?v=oIyRzl8zVWE&list=PLbANFjAlbtqLkcthrPJ7lqYcVTSwXr2L0','2023-12-13 16:13:32'),(615,'OMORI OST - 171 Persevere','OMOCAT','-XqD227D_iw','https://www.youtube.com/watch?v=-XqD227D_iw&list=PLbANFjAlbtqLkcthrPJ7lqYcVTSwXr2L0','2023-12-13 16:13:32'),(616,'OMORI OST - 172 DUET','OMOCAT','ACon4txJiDA','https://www.youtube.com/watch?v=ACon4txJiDA&list=PLbANFjAlbtqLkcthrPJ7lqYcVTSwXr2L0','2023-12-13 16:13:32'),(617,'OMORI OST - 173 Gone','OMOCAT','Bv5XwI5O7BQ','https://www.youtube.com/watch?v=Bv5XwI5O7BQ&list=PLbANFjAlbtqLkcthrPJ7lqYcVTSwXr2L0','2023-12-13 16:13:32'),(618,'OMORI OST - 174 Wake Up','OMOCAT','VArqmDh2QpY','https://www.youtube.com/watch?v=VArqmDh2QpY&list=PLbANFjAlbtqLkcthrPJ7lqYcVTSwXr2L0','2023-12-13 16:13:32'),(619,'OMORI OST - 175 Clean Slate','OMOCAT','NDLuLmsnpHc','https://www.youtube.com/watch?v=NDLuLmsnpHc&list=PLbANFjAlbtqLkcthrPJ7lqYcVTSwXr2L0','2023-12-13 16:13:32'),(620,'OMORI OST - 176 The Truth','OMOCAT','iwFP8www2CY','https://www.youtube.com/watch?v=iwFP8www2CY&list=PLbANFjAlbtqLkcthrPJ7lqYcVTSwXr2L0','2023-12-13 16:13:32'),(621,'OMORI OST - 177 Good Morning','OMOCAT','1yIcUg5FyIs','https://www.youtube.com/watch?v=1yIcUg5FyIs&list=PLbANFjAlbtqLkcthrPJ7lqYcVTSwXr2L0','2023-12-13 16:13:32'),(622,'OMORI OST - 178 My Time','OMOCAT','mzgYj_qCHLg','https://www.youtube.com/watch?v=mzgYj_qCHLg&list=PLbANFjAlbtqLkcthrPJ7lqYcVTSwXr2L0','2023-12-13 16:13:32'),(623,'OMORI OST - 179 Fin','OMOCAT','sAFXxpAvA6o','https://www.youtube.com/watch?v=sAFXxpAvA6o&list=PLbANFjAlbtqLkcthrPJ7lqYcVTSwXr2L0','2023-12-13 16:13:32'),(624,'1 Hour of Relaxing Undertale/Deltarune Music (Remastered)','Lavos','svFj4Ksg7FI','https://www.youtube.com/watch?v=svFj4Ksg7FI','2023-12-14 10:21:23'),(625,'Half-Life OST | Adrenaline Horror','Combine OverWiki','MzdnwLtKNjE','https://www.youtube.com/watch?v=MzdnwLtKNjE&list=PLgKn7przeTain4RG7T-Hnrk88pMci9QUz','2023-12-15 17:29:40'),(626,'Half-Life OST | Diabolical Adrenaline Guitar (game mix)','Combine OverWiki','MoB0pZAoslo','https://www.youtube.com/watch?v=MoB0pZAoslo&list=PLgKn7przeTain4RG7T-Hnrk88pMci9QUz','2023-12-15 17:29:40'),(627,'Half-Life OST | Drums and Riffs','Combine OverWiki','JsqtdRQiezE','https://www.youtube.com/watch?v=JsqtdRQiezE&list=PLgKn7przeTain4RG7T-Hnrk88pMci9QUz','2023-12-15 17:29:40'),(628,'Half-Life OST | Nepal Monastery','Combine OverWiki','dGVO8o7mds0','https://www.youtube.com/watch?v=dGVO8o7mds0&list=PLgKn7przeTain4RG7T-Hnrk88pMci9QUz','2023-12-15 17:29:40'),(629,'Half-Life OST | Electric Guitar Ambiance','Combine OverWiki','kEwaF8diQUw','https://www.youtube.com/watch?v=kEwaF8diQUw&list=PLgKn7przeTain4RG7T-Hnrk88pMci9QUz','2023-12-15 17:29:40'),(630,'Half-Life OST | Jungle Drums','Combine OverWiki','UFhl4T2qJ68','https://www.youtube.com/watch?v=UFhl4T2qJ68&list=PLgKn7przeTain4RG7T-Hnrk88pMci9QUz','2023-12-15 17:29:40'),(631,'Half-Life OST | Space Ocean','Combine OverWiki','Mpg_o65lPGs','https://www.youtube.com/watch?v=Mpg_o65lPGs&list=PLgKn7przeTain4RG7T-Hnrk88pMci9QUz','2023-12-15 17:29:40'),(632,'Half-Life OST | Hard Technology Rock','Combine OverWiki','5uL-5tyWNJ4','https://www.youtube.com/watch?v=5uL-5tyWNJ4&list=PLgKn7przeTain4RG7T-Hnrk88pMci9QUz','2023-12-15 17:29:40'),(633,'Half-Life OST | Hurricane Strings (game mix)','Combine OverWiki','DCBO5iufHTs','https://www.youtube.com/watch?v=DCBO5iufHTs&list=PLgKn7przeTain4RG7T-Hnrk88pMci9QUz','2023-12-15 17:29:40'),(634,'Half-Life OST | Cavern Ambiance','Combine OverWiki','XtV0LR5GNdI','https://www.youtube.com/watch?v=XtV0LR5GNdI&list=PLgKn7przeTain4RG7T-Hnrk88pMci9QUz','2023-12-15 17:29:40'),(635,'Half-Life OST | Military Precision','Combine OverWiki','bg99aQHkhd0','https://www.youtube.com/watch?v=bg99aQHkhd0&list=PLgKn7przeTain4RG7T-Hnrk88pMci9QUz','2023-12-15 17:29:40'),(636,'Half-Life OST | Klaxon Beat','Combine OverWiki','48FauWjWKtA','https://www.youtube.com/watch?v=48FauWjWKtA&list=PLgKn7przeTain4RG7T-Hnrk88pMci9QUz','2023-12-15 17:29:40'),(637,'Half-Life OST | Valve Theme (long version)','Combine OverWiki','djimD6J4x5g','https://www.youtube.com/watch?v=djimD6J4x5g&list=PLgKn7przeTain4RG7T-Hnrk88pMci9QUz','2023-12-15 17:29:40'),(638,'Half-Life OST | Sirens in the Distance','Combine OverWiki','LdzmXzZqieQ','https://www.youtube.com/watch?v=LdzmXzZqieQ&list=PLgKn7przeTain4RG7T-Hnrk88pMci9QUz','2023-12-15 17:29:40'),(639,'Half-Life OST | Alien Shock','Combine OverWiki','W3_dcvbJNAE','https://www.youtube.com/watch?v=W3_dcvbJNAE&list=PLgKn7przeTain4RG7T-Hnrk88pMci9QUz','2023-12-15 17:29:40'),(640,'Half-Life OST | Nuclear Mission Jam','Combine OverWiki','HISZ-LUcMY4','https://www.youtube.com/watch?v=HISZ-LUcMY4&list=PLgKn7przeTain4RG7T-Hnrk88pMci9QUz','2023-12-15 17:29:40'),(641,'Half-Life OST | Credits / Closing Theme','Combine OverWiki','bwhFs8vIJ_4','https://www.youtube.com/watch?v=bwhFs8vIJ_4&list=PLgKn7przeTain4RG7T-Hnrk88pMci9QUz','2023-12-15 17:29:40'),(642,'Half-Life OST | Vague Voices','Combine OverWiki','3BQO-P3OtbE','https://www.youtube.com/watch?v=3BQO-P3OtbE&list=PLgKn7przeTain4RG7T-Hnrk88pMci9QUz','2023-12-15 17:29:40'),(643,'Half-Life OST | Steam in the Pipes','Combine OverWiki','tPtVEqgcTnQ','https://www.youtube.com/watch?v=tPtVEqgcTnQ&list=PLgKn7przeTain4RG7T-Hnrk88pMci9QUz','2023-12-15 17:29:40'),(644,'Half-Life OST | Traveling Through Limbo','Combine OverWiki','pqw8C1JW70U','https://www.youtube.com/watch?v=pqw8C1JW70U&list=PLgKn7przeTain4RG7T-Hnrk88pMci9QUz','2023-12-15 17:29:40'),(645,'Half-Life OST | Dimensionless Deepness','Combine OverWiki','dmvf48amIfk','https://www.youtube.com/watch?v=dmvf48amIfk&list=PLgKn7przeTain4RG7T-Hnrk88pMci9QUz','2023-12-15 17:29:40'),(646,'Half-Life OST | Threatening Short','Combine OverWiki','VOT3SSxxwtU','https://www.youtube.com/watch?v=VOT3SSxxwtU&list=PLgKn7przeTain4RG7T-Hnrk88pMci9QUz','2023-12-15 17:29:40'),(647,'Half-Life OST | Apprehensive Short','Combine OverWiki','RgXCSJuCBiE','https://www.youtube.com/watch?v=RgXCSJuCBiE&list=PLgKn7przeTain4RG7T-Hnrk88pMci9QUz','2023-12-15 17:29:40'),(648,'Half-Life OST | Scared Confusion Short','Combine OverWiki','hxa3ZfOKqlE','https://www.youtube.com/watch?v=hxa3ZfOKqlE&list=PLgKn7przeTain4RG7T-Hnrk88pMci9QUz','2023-12-15 17:29:40'),(649,'Half-Life OST | Bass String Short','Combine OverWiki','Hm0mwsCAzvE','https://www.youtube.com/watch?v=Hm0mwsCAzvE&list=PLgKn7przeTain4RG7T-Hnrk88pMci9QUz','2023-12-15 17:29:40'),(650,'Half-Life OST | Dark Piano Short','Combine OverWiki','HuxXBXkOmPY','https://www.youtube.com/watch?v=HuxXBXkOmPY&list=PLgKn7przeTain4RG7T-Hnrk88pMci9QUz','2023-12-15 17:29:40'),(651,'Half-Life OST | Sharp Fear Short','Combine OverWiki','1JXnZPFuVCQ','https://www.youtube.com/watch?v=1JXnZPFuVCQ&list=PLgKn7przeTain4RG7T-Hnrk88pMci9QUz','2023-12-15 17:29:40'),(652,'Beginning of Time','RobTopGames','-66Vk9FqgMU','https://www.youtube.com/watch?v=-66Vk9FqgMU&list=PLh2gj5iailFGXHpVmI-89aw4k9aNopL_y','2023-12-15 19:07:10'),(653,'Dimrain47 - At the Speed of Light','RobTopGames','1Zrq8FiKS6A','https://www.youtube.com/watch?v=1Zrq8FiKS6A&list=PLh2gj5iailFGXHpVmI-89aw4k9aNopL_y','2023-12-15 19:07:10'),(654,' (Death Moon)','RobTopGames','7E92JrNZqD4','https://www.youtube.com/watch?v=7E92JrNZqD4&list=PLh2gj5iailFGXHpVmI-89aw4k9aNopL_y','2023-12-15 19:07:10'),(655,'Xtrullor - Supernova','RobTopGames','5WXyCJ1w3Ks','https://www.youtube.com/watch?v=5WXyCJ1w3Ks&list=PLh2gj5iailFGXHpVmI-89aw4k9aNopL_y','2023-12-15 19:07:10'),(656,'ColBreakz - 2011','RobTopGames','GcopfMYIApQ','https://www.youtube.com/watch?v=GcopfMYIApQ&list=PLh2gj5iailFGXHpVmI-89aw4k9aNopL_y','2023-12-15 19:07:10'),(657,'Creo - Crazy','RobTopGames','IDaP8LeYsrk','https://www.youtube.com/watch?v=IDaP8LeYsrk&list=PLh2gj5iailFGXHpVmI-89aw4k9aNopL_y','2023-12-15 19:07:10'),(658,'Endgame','RobTopGames','lrpS69H1RRU','https://www.youtube.com/watch?v=lrpS69H1RRU&list=PLh2gj5iailFGXHpVmI-89aw4k9aNopL_y','2023-12-15 19:07:10'),(659,'Golden Haze','RobTopGames','Kp_9z_eaYlI','https://www.youtube.com/watch?v=Kp_9z_eaYlI&list=PLh2gj5iailFGXHpVmI-89aw4k9aNopL_y','2023-12-15 19:07:10'),(660,'TheFatRat - Xenogenesis (Outro Song)','RobTopGames','2Ax_EIb1zks','https://www.youtube.com/watch?v=2Ax_EIb1zks&list=PLh2gj5iailFGXHpVmI-89aw4k9aNopL_y','2023-12-15 19:07:10'),(661,'Promises','RobTopGames','hcX4hD_ebv0','https://www.youtube.com/watch?v=hcX4hD_ebv0&list=PLh2gj5iailFGXHpVmI-89aw4k9aNopL_y','2023-12-15 19:07:10'),(662,'Thumper [Breakbeat Music]','RobTopGames','Rge_r3Eri0Q','https://www.youtube.com/watch?v=Rge_r3Eri0Q&list=PLh2gj5iailFGXHpVmI-89aw4k9aNopL_y','2023-12-15 19:07:10'),(663,'Bossfight - Okiba Crackdown','RobTopGames','PgFWP391ZOs','https://www.youtube.com/watch?v=PgFWP391ZOs&list=PLh2gj5iailFGXHpVmI-89aw4k9aNopL_y','2023-12-15 19:07:10'),(664,'garlagan - Holography','RobTopGames','o633-GGH8nA','https://www.youtube.com/watch?v=o633-GGH8nA&list=PLh2gj5iailFGXHpVmI-89aw4k9aNopL_y','2023-12-15 19:07:10'),(665,'TheFatRat - Unity','RobTopGames','n8X9_MgEdCg','https://www.youtube.com/watch?v=n8X9_MgEdCg&list=PLh2gj5iailFGXHpVmI-89aw4k9aNopL_y','2023-12-15 19:07:10'),(666,'Hinkik - Time Leaper','RobTopGames','nMbx8EurE0g','https://www.youtube.com/watch?v=nMbx8EurE0g&list=PLh2gj5iailFGXHpVmI-89aw4k9aNopL_y','2023-12-15 19:07:10'),(667,'Panda Eyes - Colorblind','RobTopGames','-iwYHk_SwNA','https://www.youtube.com/watch?v=-iwYHk_SwNA&list=PLh2gj5iailFGXHpVmI-89aw4k9aNopL_y','2023-12-15 19:07:10'),(668,'Dimrain47 - The Falling Mysts','RobTopGames','9wNXRkmgd9w','https://www.youtube.com/watch?v=9wNXRkmgd9w&list=PLh2gj5iailFGXHpVmI-89aw4k9aNopL_y','2023-12-15 19:07:10'),(669,'F-777 - 1. Space Battle (Ludicrous Speed Album)','RobTopGames','aZ5rMQIu1gc','https://www.youtube.com/watch?v=aZ5rMQIu1gc&list=PLh2gj5iailFGXHpVmI-89aw4k9aNopL_y','2023-12-15 19:07:10'),(670,'Xtrullor - Ichor','RobTopGames','DBu1__I_2pY','https://www.youtube.com/watch?v=DBu1__I_2pY&list=PLh2gj5iailFGXHpVmI-89aw4k9aNopL_y','2023-12-15 19:07:10'),(671,'Creo - Exoplanet','RobTopGames','1woPDMfSlsg','https://www.youtube.com/watch?v=1woPDMfSlsg&list=PLh2gj5iailFGXHpVmI-89aw4k9aNopL_y','2023-12-15 19:07:10'),(672,'F-777 - Ludicrous Speed (Insanely Fast Techno)','RobTopGames','cLNjP1vkyYU','https://www.youtube.com/watch?v=cLNjP1vkyYU&list=PLh2gj5iailFGXHpVmI-89aw4k9aNopL_y','2023-12-15 19:07:10'),(673,'[Electro] Kaixo - Troglodyte (Original Mix)','RobTopGames','ZDuiN79OXew','https://www.youtube.com/watch?v=ZDuiN79OXew&list=PLh2gj5iailFGXHpVmI-89aw4k9aNopL_y','2023-12-15 19:07:10'),(674,'Derpcat - Something Different (feat. Talurre)','RobTopGames','5zOXXYD4Wa4','https://www.youtube.com/watch?v=5zOXXYD4Wa4&list=PLh2gj5iailFGXHpVmI-89aw4k9aNopL_y','2023-12-15 19:07:10'),(675,'Creo - Sphere','RobTopGames','0ZUoFPLlVQU','https://www.youtube.com/watch?v=0ZUoFPLlVQU&list=PLh2gj5iailFGXHpVmI-89aw4k9aNopL_y','2023-12-15 19:07:10'),(676,'NIGHTkilla - Nine Circles','RobTopGames','2ftEN3CzbuE','https://www.youtube.com/watch?v=2ftEN3CzbuE&list=PLh2gj5iailFGXHpVmI-89aw4k9aNopL_y','2023-12-15 19:07:10'),(677,'F-777 - Sonic Blaster (4th track from \"Let\'s Freaking Party\" album)','RobTopGames','IvYD-HLAl8E','https://www.youtube.com/watch?v=IvYD-HLAl8E&list=PLh2gj5iailFGXHpVmI-89aw4k9aNopL_y','2023-12-15 19:07:10'),(678,'Creo - Dimension','RobTopGames','MrD05HVGVIQ','https://www.youtube.com/watch?v=MrD05HVGVIQ&list=PLh2gj5iailFGXHpVmI-89aw4k9aNopL_y','2023-12-15 19:07:10'),(679,'Lchavasse - Lunar Abyss','RobTopGames','F_TV4vZRSE8','https://www.youtube.com/watch?v=F_TV4vZRSE8&list=PLh2gj5iailFGXHpVmI-89aw4k9aNopL_y','2023-12-15 19:07:10'),(680,'Beethoven - Moonlight Sonata 3rd Movement (meganeko Remix)','RobTopGames','j9-0GHeHV7c','https://www.youtube.com/watch?v=j9-0GHeHV7c&list=PLh2gj5iailFGXHpVmI-89aw4k9aNopL_y','2023-12-15 19:07:10'),(681,'KLYDIX - Dream Flower ()','RobTopGames','GP4Lw1noiZA','https://www.youtube.com/watch?v=GP4Lw1noiZA&list=PLh2gj5iailFGXHpVmI-89aw4k9aNopL_y','2023-12-15 19:07:10');
/*!40000 ALTER TABLE `playlist_items` ENABLE KEYS */;
UNLOCK TABLES;
/*!40103 SET TIME_ZONE=@OLD_TIME_ZONE */;

/*!40101 SET SQL_MODE=@OLD_SQL_MODE */;
/*!40014 SET FOREIGN_KEY_CHECKS=@OLD_FOREIGN_KEY_CHECKS */;
/*!40014 SET UNIQUE_CHECKS=@OLD_UNIQUE_CHECKS */;
/*!40101 SET CHARACTER_SET_CLIENT=@OLD_CHARACTER_SET_CLIENT */;
/*!40101 SET CHARACTER_SET_RESULTS=@OLD_CHARACTER_SET_RESULTS */;
/*!40101 SET COLLATION_CONNECTION=@OLD_COLLATION_CONNECTION */;
/*!40111 SET SQL_NOTES=@OLD_SQL_NOTES */;

-- Dump completed on 2024-02-02  6:22:49
